supplier_id,supplier_name,lead_time_days,contact_info,rating
1,stevens_llc,10,365-261-6825,4.69
2,simpson_pugh,8,001-322-445-9942,3.85
3,harrison_ltd,5,(745)078-2755,3.53
4,larson_orozco,4,347.918.3271x629,4.18
5,gray_lopez,6,+1-453-092-4991,3.85
6,reed_llc,7,620.531.2418x6334,4.85
7,smith_plc,7,487-902-4688,4.84
8,rivera_group,12,(270)908-8668x139,4.31
9,pearson_llc,5,001-625-529-3600x53998,3.76
10,smith_lewis,9,001-939-201-3906,4.27
11,rocha_kelly,12,(631)582-0565,4.91
12,harvey_llc,8,579-892-0476,4.75
13,pitts_and_sons,7,(990)496-1000,4.58
14,brown_stout_and_friedman,13,001-422-240-6260x2337,3.24
15,johnson_reed_and_dunn,8,8499556641,3.51
16,cobb_inc,10,1301718243,4.4
17,ward_hicks_and_tucker,2,317-263-4726x7457,3.5
18,smith_le,2,390-545-9539x289,4.16
19,jordan_and_sons,8,+1-138-591-9229x81506,3.12
20,ferguson_oliver,4,464-195-3318,3.54
21,boyd_and_sons,11,8565180715,3.46
22,brown_vang,12,001-461-562-4464x380,4.93
23,long_vargas_and_marshall,12,866.248.6716,3.31
24,adams_west_and_hanson,4,641.343.4809x64398,4.55
25,macias_harrison_and_stewart,11,(607)580-6732,4.72
26,riley_inc,10,181-194-2034x61240,3.28
27,nunez_carroll_and_davidson,4,(089)124-9473x9418,3.38
28,bell_meyer,6,0823499473,3.01
29,hatfield_hardin_and_hernandez,12,173.641.2751x62059,3.64
30,rivera_smith_and_murphy,8,2333264322,4.06
31,hendricks_buckley,14,634.222.2249x296,4.77
32,hall_bailey_and_simpson,7,(158)823-6173,3.82
33,thomas_hansen_and_gilbert,4,089-238-2562x01262,4.51
34,peterson_ford_and_perez,7,067-652-2120,4.56
35,sanders_gonzalez,3,(055)084-9400x830,4.23
36,newman_gibson_and_miles,9,001-630-693-1291,3.27
37,thompson_phillips,4,039-180-7850x3507,4.17
38,harrell_davis_and_gonzales,13,(283)369-5696x96711,3.92
39,carter_hicks_and_garcia,8,170.711.4235x7126,3.31
40,grant_ltd,14,(882)249-0684,4.29
41,huff_garrett,14,619.093.7479,4.17
42,byrd_roth,10,001-105-837-8386,3.49
43,meyers_ltd,4,001-571-332-9886x9787,4.82
44,lopez_smith_and_hunter,6,(817)778-5598x1287,4.03
45,mccoy_inc,8,8719257056,4.9
46,james_davenport,11,(140)880-3187x9390,3.27
47,walsh_wolfe_and_holland,10,(704)811-0098x35143,4.87
48,brooks_plc,7,001-894-952-4552x88265,3.19
49,reyes_ltd,2,(425)025-7367x1389,4.36
50,torres_giles,14,+1-220-343-8842,3.09
51,ho_davis_and_boyd,8,200.483.6387x373,4.08
52,rice_ellison_and_morgan,10,(987)967-4654x45686,3.09
53,johnson_ltd,13,701-842-1111,4.36
54,pittman_llc,3,(417)149-1207,4.49
55,smith_ramos,14,362-078-5804,3.5
56,allen_hartman,7,4970940747,4.66
57,garcia_walls_and_barnett,10,001-349-527-3874x68771,4.52
58,foster_wright,7,+1-296-101-1766x4790,4.6
59,nunez_ingram_and_hawkins,7,781.736.2667,3.01
60,waller_group,5,687-550-1183,3.88
61,turner_mcguire_and_lozano,7,(867)717-5832,4.18
62,yoder_wilson_and_hall,10,(296)184-3182x137,4.86
63,macdonald_johnson,13,(151)852-8226x63888,4.1
64,ballard_dixon,7,191-981-5853x16393,4.47
65,williams_bauer,9,3141673553,3.49
66,daniels_torres_and_carr,9,(090)312-9815,4.57
67,johnson_mendoza,5,001-115-580-6089,3.31
68,kennedy_wilson_and_scott,2,195.103.2395x01915,4.79
69,owen_group,14,+1-408-807-2104,3.94
70,davis_inc,14,(027)035-5583,3.36
71,lyons_gonzales,14,(764)537-5473,4.67
72,davis_gonzalez_and_gillespie,9,+1-288-704-4722x239,3.39
73,williams_hart,4,8743526145,3.78
74,green_morris,7,169-604-6809x21993,4.16
75,noble_cortez_and_schneider,12,(359)666-9267,4.46
76,bryant_griffin_and_cobb,4,305.360.8072,3.07
77,sullivan_guerrero_and_henderson,5,(575)516-3524x4910,4.32
78,hale_group,4,082.367.2013x0813,3.23
79,mccarthy_robles_and_odonnell,5,(022)970-4140x343,3.59
80,watts_bridges,12,001-167-422-9154x6183,3.08
81,miller_group,12,001-080-389-6718x174,4.22
82,garcia_garrison_and_farley,8,056.768.0549x61013,3.28
83,carter_grimes,6,001-951-051-3648x267,3.16
84,reed_inc,3,0147858287,4.94
85,larsen_marquez_and_cummings,11,008-901-4812x91607,4.25
86,smith_roach_and_collins,2,(504)331-6162x14095,3.96
87,escobar_hatfield,9,(221)252-5939,4.04
88,callahan_rogers,4,508-528-9940,4.17
89,wilson_hamilton,3,+1-867-883-2675x758,3.2
90,harrison_oconnell_and_patrick,12,(371)432-5305x06426,4.16
91,smith_castaneda,3,001-866-360-0276,4.26
92,johnson_ltd,12,877-189-1078,4.19
93,chavez_ltd,13,658.420.5115,3.23
94,wolf_ltd,12,867.549.2026,4.4
95,lawrence_miller,13,(068)908-7537x27223,4.39
96,arias_and_sons,12,034.352.4577x88610,3.33
97,black_group,5,7264645156,4.34
98,richardson_jackson_and_allen,2,001-008-816-3749x524,4.32
99,barnett_dean_and_lee,7,+1-963-380-9723x60571,4.56
100,ward_farley_and_johnson,2,618.362.5967x9106,3.15
101,ramos_merritt_and_king,12,+1-725-402-8874x07471,3.24
102,giles_inc,9,+1-752-444-7235x667,3.73
103,welch_morrison_and_benson,7,001-727-631-4904,4.55
104,martinez_ltd,7,001-086-005-1107x0664,4.06
105,collins_chaney_and_wright,6,(115)657-7399x57799,3.94
106,howard_montgomery_and_barron,13,331.719.3768x9046,4.05
107,miller_valencia,10,(821)897-2534,4.28
108,zimmerman_mcdonald,9,001-155-370-9077x8215,3.38
109,davis_mosley,4,001-029-559-6099x23850,4.28
110,perkins_and_sons,11,597-711-5801x800,4.02
111,mcgee_phillips,12,+1-736-288-9306,3.13
112,moore_and_sons,4,869-446-9547,3.6
113,wood_morales,10,+1-850-059-0196x11338,3.27
114,lopez_stewart,6,898.409.2489x32747,4.57
115,shaw_lopez_and_burton,7,747-878-2289x8411,3.68
116,robinson_and_sons,12,+1-091-085-8684x686,3.56
117,lindsey_romero,3,926-687-9063,4.17
118,bell_smith,13,960-319-8121x26694,4.29
119,sawyer_inc,7,(401)177-2444,4.31
120,weiss_llc,11,+1-506-278-3902x947,3.04
121,pierce_rogers_and_serrano,4,821-234-4964,3.15
122,graham_mcdowell_and_adams,13,+1-999-933-5573x405,4.07
123,gonzalez_martinez_and_west,7,745.526.5015x24096,4.21
124,douglas_knapp,12,790-980-2676x077,4.81
125,ruiz_ltd,14,189-868-8990,4.16
126,smith_barnes,12,001-159-721-5478x65739,3.77
127,clark_munoz_and_johnson,6,645-462-3137x96443,3.98
128,nelson_cummings,6,001-377-741-1077x368,3.08
129,thompson_lynn,5,465-124-5016x3915,3.81
130,johnston_boyle_and_garcia,14,+1-774-450-5108x161,4.64
131,green_garcia,12,+1-033-194-4326x2866,4.73
132,finley_inc,12,(323)970-1239,4.89
133,jacobs_king,13,(246)863-0573x5012,3.52
134,smith_williams,6,(136)544-5544x788,3.1
135,lowe_inc,4,(485)074-4815x632,4.91
136,west_mitchell,14,(641)727-7307x3206,3.43
137,rice_and_sons,4,338-474-6133,3.61
138,smith_vasquez,3,805.997.6975,4.18
139,davis_miranda,4,001-517-711-2928x4134,3.12
140,jenkins_tucker_and_chen,12,463.742.6579x6645,3.85
141,wolfe_kerr,14,726-128-3291x3319,4.26
142,edwards_shelton_and_golden,4,073-030-4679x254,3.29
143,martin_sandoval,4,1708278163,4.53
144,torres_patel,11,1525122391,3.2
145,frye_group,4,(215)093-3990x8964,3.4
146,arnold_bailey_and_jones,12,908.668.4794,4.23
147,moore_and_sons,9,244.414.9837x974,4.76
148,lambert_holloway_and_lane,13,001-435-112-6699x9103,3.79
149,garcia_clay,6,+1-862-629-5522x69834,4.46
150,wilson_and_sons,10,001-512-616-5275,4.9
151,clark_brown,9,604-663-1239x43543,3.34
152,wheeler_wiley_and_baker,4,015-739-7603,3.2
153,buckley_inc,14,+1-112-919-9226x1351,4.85
154,cameron_hunt_and_moore,4,+1-757-540-6363x72107,4.02
155,west_llc,5,(746)226-3492x9676,4.7
156,weaver_lee,5,+1-125-385-9884,3.45
157,martinez_llc,4,+1-827-169-1479x6269,4.74
158,hall_martinez,3,175-883-9930x85282,3.64
159,weaver_bryant,14,184.147.4889x3727,4.71
160,lee_group,4,017-018-3985,3.53
161,torres_group,12,3174476889,4.62
162,thompson_adkins_and_gibbs,4,975.882.4190x97840,4.15
163,johnson_group,13,344-922-7182x315,4.99
164,galvan_barker_and_oconnell,10,001-275-702-9984,4.0
165,mcdowell_blackwell_and_cantu,8,959-593-1915x7172,4.85
166,brown_ramirez_and_fox,5,(722)483-2955,4.82
167,mcmahon_allison,5,001-993-519-7571,3.5
168,morgan_garcia,2,001-010-366-0072x30144,3.87
169,fletcher_martinez_and_garcia,4,831-546-7736,4.77
170,munoz_llc,2,792-613-3540x415,4.43
171,english_llc,13,834.593.5791x9998,3.65
172,vega_middleton,4,+1-970-367-5305x565,3.83
173,mcmahon_beard_and_weaver,11,+1-442-878-2576,4.71
174,jackson_ward,4,360-096-4647x32232,3.74
175,nelson_llc,9,001-896-532-2646x0916,4.12
176,silva_smith,14,322-435-6976,3.62
177,woods_white,9,+1-509-537-2681x71018,3.26
178,walker_and_sons,10,410-205-5477x79353,4.24
179,craig_group,2,(876)768-5841,4.49
180,doyle_robinson,11,891-063-5083,3.13
181,boyd_plc,4,694-116-3074x765,3.2
182,brown_stevens_and_pearson,8,126-561-6986x3930,4.04
183,griffin_ltd,13,437.469.0393x37696,3.21
184,hurst_plc,7,+1-541-323-5518x332,4.74
185,duran_johnson,8,(514)691-1881x104,3.5
186,gilbert_hoffman,11,(471)650-8336x832,3.05
187,rogers_ltd,13,+1-186-743-7957x2645,3.33
188,avila_goodwin_and_james,12,(702)940-4441x2855,3.17
189,hampton_galvan,13,229-438-3598x52503,3.72
190,benton_estrada_and_taylor,7,9587146382,3.07
191,christian_garcia_and_garcia,9,3374525893,4.74
192,williams_williams_and_perkins,4,712.429.3073x138,3.56
193,hill_ltd,6,+1-491-436-9082x976,4.3
194,horton_group,4,159-311-8287,3.04
195,gray_roberts_and_brennan,9,196.599.7048x935,4.54
196,cruz_ltd,12,(936)180-9756,4.21
197,stephenson_clements,8,(222)006-9490,4.81
198,jones_wilson,9,001-339-731-9379x21385,4.05
199,rodriguez_rice_and_clark,12,+1-519-997-6756x26792,4.92
200,bailey_thompson_and_valdez,5,484-792-7822,4.33
201,nelson_collins_and_carroll,9,447-272-4106x1169,3.81
202,garner_inc,2,+1-370-355-0360x378,3.05
203,miller_alexander,2,117.278.6107x87854,4.82
204,schaefer_johnson,10,984.935.3251x677,4.5
205,jones_plc,4,097.332.8846,4.23
206,beard_oneal_and_bishop,9,477.073.0973,3.01
207,moore_malone,11,7821782005,3.2
208,smith_plc,8,(840)105-8019x100,4.27
209,lucas_powell,13,+1-310-663-4586x2916,3.46
210,smith_wilkins_and_li,8,+1-641-890-5076x765,4.98
211,figueroa_diaz_and_armstrong,3,183.394.3759x579,4.85
212,aguilar_ltd,3,+1-988-679-0443x9877,4.43
213,baker_ward,3,8537234582,3.03
214,huff_bell_and_hernandez,10,+1-056-059-2256,3.17
215,walsh_group,12,559.194.8030,4.13
216,valencia_plc,11,001-424-004-8241,3.56
217,moore_group,14,(563)118-3762,4.95
218,cunningham_group,6,243-066-0537x45260,3.99
219,petersen_faulkner_and_gilbert,11,001-251-173-2426x2679,3.61
220,chavez_jones_and_riley,8,887-788-3947x17622,3.94
221,ramos_group,9,+1-908-669-5292,3.48
222,bailey_and_sons,4,001-857-543-8209x55402,4.92
223,davis_poole_and_allison,5,989.803.1797x4523,4.39
224,cruz_ltd,6,+1-206-322-6917x267,3.53
225,ramirez_davis_and_leonard,9,576.697.7438,3.5
226,garner_wilson,2,935-143-6863x91563,3.0
227,hood_inc,3,(928)566-3943,3.92
228,young_valencia_and_holland,4,(055)260-6499x3357,4.03
229,hendricks_reed_and_gaines,7,(509)766-3289x3779,3.51
230,sparks_miller_and_garrison,4,345.598.5374x690,3.67
231,hall_morales_and_evans,12,384-894-9397x121,4.19
232,smith_green,2,370-740-1430,3.11
233,kent_herring_and_fisher,8,001-083-064-5752x266,4.0
234,richmond_inc,13,105-555-0213,3.5
235,west_jacobs,2,058.358.5338,4.71
236,king_ltd,10,815-126-9400x411,3.1
237,foster_plc,11,900-420-2427x9187,3.84
238,leon_lee,13,4436352167,3.21
239,graves_rice,10,+1-379-493-8956,4.28
240,wilson_wheeler_and_jones,13,001-424-448-2436,4.89
241,pitts_jimenez_and_strickland,14,466-443-5845x698,3.15
242,harper_davis,7,461.732.4759x08132,3.51
243,lambert_group,13,+1-769-721-2231x3388,4.89
244,brooks_and_sons,12,930.426.9228x78667,4.06
245,winters_ortega_and_koch,14,001-543-768-1615x88014,4.37
246,anderson_ltd,7,+1-706-674-5183x278,4.95
247,larsen_jackson,3,972-587-8855x892,3.6
248,carroll_barnes,5,185.334.0625x19237,3.56
249,mcknight_acosta,12,829.797.3168,4.92
250,gray_inc,13,+1-141-969-1527x94276,3.24
251,jones_james_and_santiago,4,681.799.7165,3.27
252,ramirez_llc,9,(576)692-6294x8580,3.11
253,archer_llc,6,+1-975-832-8611x4780,4.41
254,morrison_richardson,12,(943)228-8284x7707,3.88
255,daniels_horn_and_ramirez,12,001-831-403-1577x142,3.38
256,johnson_moore,8,423.264.3724x937,3.25
257,king_harrison_and_fletcher,7,164-946-6643x31097,4.95
258,wallace_larson_and_maldonado,10,832.451.6842,4.57
259,green_jones,4,+1-250-428-3626,3.12
260,king_griffith,5,604-799-7926x61350,3.39
261,maddox_hill,7,097-551-0412x16596,3.66
262,patterson_group,7,(331)422-5399x770,4.26
263,yates_short,11,369.984.3631,4.16
264,nunez_zuniga,13,126.877.9397,3.14
265,rose_richardson_and_wilson,9,637-211-5077x6690,3.18
266,malone_group,11,554-407-9818,4.01
267,willis_shaw_and_arellano,10,231-245-9098,3.53
268,herman_group,9,001-437-868-8954x513,3.91
269,frazier_williams_and_carter,6,(743)924-9433x6185,4.46
270,mcdonald_lopez,7,001-076-179-5575,4.3
271,chapman_burton,3,001-034-520-1227x70980,4.6
272,perez_dean,5,181-840-1386,4.26
273,harmon_richards_and_wilson,10,510.340.2755x583,3.85
274,santana_adams,2,(001)946-1195,3.17
275,stevens_and_sons,6,+1-881-060-6870,4.99
276,king_kemp,6,492.570.6582,4.37
277,kelly_crawford_and_nguyen,8,894.795.9956,3.57
278,padilla_llc,14,001-632-585-8617,3.27
279,williams_and_sons,3,+1-960-496-8980x14214,4.9
280,taylor_ltd,7,437-318-3794x62928,3.32
281,jimenez_mueller,10,574-091-7792x603,3.46
282,perez_vargas_and_johnson,12,(293)586-0895x21077,3.09
283,pace_gibson,2,769-115-8151x001,3.68
284,nunez_ramos,5,+1-804-789-3868x530,3.14
285,lynch_ltd,8,+1-315-585-4417,3.91
286,young_llc,6,001-177-686-5142x896,3.89
287,david_miller_and_gray,8,001-787-017-3305x99667,4.84
288,guzman_hughes,2,587-692-9444,3.3
289,jones_inc,2,001-245-245-1638x3146,3.03
290,mitchell_ltd,3,001-361-527-7777x0163,3.72
291,owens_llc,13,294.357.2166,4.87
292,howard_brown,12,6162970963,4.58
293,foster_plc,12,001-510-473-8465x97200,4.95
294,ward_patel,5,925.093.9745x14417,4.17
295,clark_miller,6,051-467-5501,4.83
296,martinez_bowen_and_kim,3,(058)312-9345,4.34
297,jones_taylor_and_deleon,2,001-537-414-8996x593,4.26
298,morales_french_and_webb,4,537-603-6120x60973,4.72
299,miller_oliver_and_weaver,6,001-767-269-3809x612,3.92
300,garcia_elliott,8,001-738-646-7095x382,3.39
301,howard_and_sons,5,+1-284-339-4646x937,3.99
302,rogers_smith,12,6802400557,3.37
303,mccoy_malone,12,241-150-9289x82527,4.46
304,schneider_blankenship,10,3243900493,4.0
305,morales_ltd,9,647.496.3964x1981,4.15
306,bender_le,4,023-687-4116,3.1
307,joseph_inc,10,347.374.6957,3.64
308,sanders_brown,11,522-305-5948,4.85
309,lopez_plc,8,+1-010-719-2856x7881,4.82
310,moore_ramirez,11,+1-909-341-1169,4.87
311,roberts_diaz_and_king,2,207.827.1349x23934,4.8
312,jacobson_vargas_and_jones,2,508.706.9026x24192,3.43
313,west_harris,4,001-901-672-9598x46922,4.5
314,santos_knight_and_bailey,5,694-754-5587x053,4.28
315,williams_ltd,11,510-675-6676,3.74
316,rivera_pollard,7,007.341.5587,4.25
317,kaiser_moore_and_johnson,7,+1-725-434-8263,4.15
318,wright_santana_and_miller,4,(901)815-1337x151,3.54
319,kelly_morrison,2,+1-965-102-0944,3.62
320,rodriguez_plc,12,(311)305-3779x376,4.4
321,quinn_johnson,11,(584)326-6646x8120,4.2
322,sanchez_nguyen,4,354-842-7065,4.92
323,jackson_shaw_and_rios,8,(331)618-2160,4.3
324,long_group,12,001-967-218-4782x097,3.71
325,garcia_lozano_and_clark,3,001-006-242-2171x08025,4.18
326,rice_hull,2,671.952.8789x75654,3.44
327,foster_mcgrath,10,+1-066-246-2358,4.39
328,mullins_robles,10,+1-296-900-6849,3.75
329,walsh_moody,3,001-370-947-5384x19376,4.47
330,guerra_llc,11,886.088.9311,4.97
331,wood_bradley,8,9878029183,3.05
332,davidson_weiss_and_noble,13,001-776-057-2245x5261,3.11
333,jackson_and_sons,10,989-097-4067x379,4.89
334,williams_meyer_and_smith,9,975.635.7927,3.72
335,jones_gordon_and_moore,9,091-449-7431,3.82
336,martin_parks_and_watson,7,+1-577-498-8216x518,3.66
337,jones_llc,7,(024)719-5139,3.32
338,duncan_hawkins,12,(381)642-1982x60002,3.86
339,hayes_pacheco,3,550.249.2541x2527,4.63
340,richardson_waters_and_newton,14,581.452.0196x76330,4.04
341,lindsey_ltd,2,001-990-025-5871,3.53
342,robinson_martin_and_martinez,2,630-671-1162,4.12
343,wilson_inc,4,920-930-8084,4.11
344,perkins_and_sons,9,(262)297-4136,4.73
345,nolan_inc,5,3555332579,4.58
346,chen_olson,11,(516)830-4482,3.16
347,clark_pennington_and_quinn,10,602.288.2226x3508,4.35
348,wang_llc,7,+1-449-511-5215x95039,4.99
349,farmer_bautista,7,001-178-359-0430x009,3.96
350,ayers_lewis_and_vazquez,5,001-757-072-5592x568,4.1
351,jenkins_brown_and_riley,9,001-135-097-6257x869,3.72
352,estrada_johns_and_cohen,6,+1-660-929-6752x541,4.04
353,parker_wells_and_gibson,10,4895343724,4.2
354,rodriguez_dean_and_ibarra,8,263.496.2227x189,3.33
355,ferguson_plc,14,9691094205,3.83
356,edwards_stanton,12,(490)859-5906x5581,3.26
357,garcia_lynch_and_moore,2,824.437.6422x305,4.12
358,wilson_brown,10,408-890-7444,3.14
359,hill_walker_and_carrillo,11,010.822.7575,4.64
360,carroll_chase_and_acevedo,4,+1-690-376-8539x77044,3.46
361,anderson_white_and_soto,13,6183789470,4.18
362,ortega_smith,2,(604)215-2029,3.71
363,hancock_green_and_calderon,3,275.894.3192,4.12
364,rodriguez_meyer_and_lindsey,13,(017)053-1289x1051,3.26
365,ruiz_barrett,5,971-979-4272x86498,3.11
366,kennedy_ltd,11,0294281516,3.47
367,smith_llc,9,134-828-9744x885,3.47
368,moore_weber,12,299-762-2335,3.05
369,jones_harrell_and_santana,12,6407944631,4.29
370,rose_reyes_and_warner,6,001-181-079-1321x672,4.62
371,payne_bryant,4,001-204-836-1440x7133,3.66
372,walton_lane_and_johnson,5,(583)426-4610x8030,3.65
373,ford_morrison,13,5907598453,3.93
374,romero_armstrong,2,(824)552-6634,4.81
375,perez_shelton,5,081.998.6773x75408,3.24
376,kennedy_inc,11,970-410-9556x1147,3.83
377,saunders_cole_and_obrien,3,001-727-510-4279,3.93
378,williams_plc,13,911-747-3802x15728,3.09
379,perry_group,8,546.209.4806,5.0
380,carter_sellers_and_mason,13,(215)496-6200x32709,4.03
381,keller_butler,7,753-922-7011,3.32
382,garcia_and_sons,2,726.587.3247x399,3.92
383,whitaker_llc,9,+1-616-390-2803,4.55
384,maxwell_and_sons,3,057.970.7241,3.23
385,davidson_robinson,13,0207868951,3.99
386,quinn_and_sons,10,001-007-874-6292x435,3.63
387,miller_ltd,3,095-753-5923,4.88
388,fernandez_ltd,11,(703)984-3572x358,3.34
389,romero_brown,12,(590)339-7238,4.09
390,copeland_simpson,11,+1-218-089-7428,4.47
391,fischer_sullivan_and_brown,9,(001)756-2546x73736,3.23
392,smith_and_sons,4,(671)270-1964x817,3.73
393,chambers_plc,10,622.273.7027x8824,3.28
394,thomas_morales,10,652-392-4812x1408,4.27
395,king_cooper_and_valencia,5,858.814.9951x815,3.04
396,simmons_ltd,13,+1-827-945-6357x4515,3.07
397,ramsey_plc,8,458.910.5365x196,4.6
398,jordan_evans_and_arnold,3,+1-346-939-5341x1547,4.58
399,gardner_vaughan_and_wilson,10,001-251-330-3860x60850,4.97
400,thomas_anderson_and_simmons,12,+1-655-229-8114,4.94
401,taylor_inc,8,(339)839-3558x1721,3.62
402,martin_koch_and_rangel,2,(373)003-5229,3.74
403,williams_inc,5,+1-729-056-1940x530,4.99
404,yang_berry_and_wright,13,000-148-5177x9053,4.29
405,bates_group,8,376.640.0930,4.73
406,solomon_davis_and_patterson,6,639.522.1569x967,4.31
407,phillips_heath_and_peterson,7,738-554-5541,3.8
408,johnson_plc,3,(034)454-0033x9538,3.65
409,johnson_maynard,10,995.714.1236x5243,3.6
410,smith_miller,5,+1-062-145-8404,4.73
411,arias_young,7,001-891-678-2354,3.98
412,wiggins_graves_and_wagner,11,+1-830-304-2608x795,3.03
413,fields_cook,14,(363)061-8154x92354,4.92
414,jones_norman,5,(100)791-7367,4.38
415,williams_burton_and_mccullough,9,001-890-109-7404x922,3.23
416,silva_watkins,4,919-576-4890x4342,3.94
417,hunter_townsend,7,(350)192-2790x824,3.28
418,cole_sanchez_and_ingram,8,(227)500-4341,4.59
419,lawrence_rios_and_brewer,5,108-824-1588,4.02
420,simpson_inc,13,001-425-514-6752x0692,4.65
421,owens_hall,2,(309)396-3811x3524,4.46
422,villanueva_hill,10,+1-517-217-4894x5659,4.5
423,guerrero_copeland_and_hancock,2,+1-382-537-7604x5566,4.53
424,brown_group,12,660-204-0345x6164,4.75
425,bryan_plc,11,(783)102-8909x534,3.75
426,potts_hart_and_thomas,11,001-539-459-5947x53731,3.43
427,mcneil_llc,10,+1-133-279-1111x06139,4.37
428,jones_long_and_beltran,4,001-130-906-9007,4.24
429,blair_jones_and_gomez,3,491-737-8144,3.57
430,hall_cruz,7,283-734-1155x6331,3.26
431,thomas_rivera_and_wilson,14,(017)006-9337,3.44
432,fields_inc,14,015-704-8887,3.77
433,moody_inc,8,101-433-2437x6677,4.39
434,shaw_inc,11,656.936.0108x7623,3.42
435,cooley_ltd,4,+1-895-071-4295,3.76
436,rogers_brown_and_dyer,10,(497)350-9304,4.97
437,randolph_medina,5,001-685-838-3856x6947,3.65
438,ayala_ball,10,628.259.5884x0243,4.46
439,garza_robinson_and_miller,7,112.441.1576x60969,4.8
440,huerta_gibbs,11,637.096.5577,3.9
441,dickerson_murphy,2,+1-572-263-2006,4.51
442,jenkins_warren_and_norman,3,195.887.6184x683,4.79
443,lucero_short,9,239-309-0477,4.13
444,hunt_llc,7,165.873.8411,4.01
445,peters_brown_and_baker,5,+1-524-589-7971x90149,4.19
446,wilkinson_brown_and_shaw,14,(340)754-8739,4.5
447,lopez_rojas,14,+1-256-613-5526x9624,3.82
448,patrick_inc,7,998-543-5884x266,4.99
449,crawford_plc,2,947.957.1238x3598,3.93
450,mcpherson_gray,13,9476026299,4.09
451,weber_maldonado_and_smith,8,001-065-089-0527x6251,4.33
452,marquez_ltd,4,724-142-5001,3.64
453,goodman_miranda_and_odonnell,12,077-357-0500,4.22
454,gardner_lewis,13,(014)444-9362x622,3.49
455,thompson_ltd,12,0406251252,3.65
456,wilcox_henry_and_acosta,12,483.917.1456x960,4.17
457,white_lewis_and_page,8,640-919-1051,4.24
458,myers_and_sons,8,224-630-0413x21523,3.18
459,thornton_bryant,10,001-211-817-9197x60930,4.1
460,jones_morris_and_sellers,4,094-720-6048x7249,3.03
461,oconnor_inc,5,059.690.9467x66020,3.34
462,joseph_kelley,13,+1-626-489-5513x28559,3.82
463,shannon_gregory,5,235-178-7960x790,4.71
464,flores_inc,13,+1-553-208-2633x345,4.05
465,stephens_ray_and_salinas,10,398-144-9645x98212,4.34
466,hall_roberson,6,755.804.7771,3.18
467,ayers_and_sons,8,(151)768-8075,4.91
468,glenn_vaughn,10,(920)345-7313x6224,3.72
469,brown_moody,10,9448915930,3.56
470,walker_plc,9,(562)665-9701x5259,3.37
471,torres_roy,12,(489)239-0451x7386,4.63
472,roberts_williams_and_booker,10,211.602.2397,3.48
473,jackson_black_and_rodriguez,10,(413)144-3968x3877,4.27
474,rogers_jones_and_nguyen,6,(154)778-0052,4.47
475,williams_turner,7,+1-107-435-3975x8870,4.7
476,baker_inc,6,001-276-249-2182x107,3.06
477,park_group,2,8051163835,4.64
478,schmitt_plc,14,001-165-567-1337x86474,3.78
479,hardin_ltd,8,+1-616-261-8006x93874,4.39
480,bird_llc,7,001-571-343-5651,3.5
481,nelson_mathis_and_haynes,2,+1-816-550-9917x72687,3.1
482,downs_and_sons,3,257-466-7239,4.11
483,andrews_lopez,6,001-020-745-4150x780,4.92
484,elliott_llc,9,+1-047-374-3095x89285,3.05
485,garcia_jones,9,(505)185-0869x01746,3.15
486,smith_plc,8,782.067.7860,3.07
487,dougherty_plc,8,910.849.9357x8325,3.31
488,williams_llc,10,001-996-658-7690,3.73
489,reed_david_and_pennington,2,872-191-0013x832,3.71
490,day_ltd,7,(546)970-5700x77054,4.05
491,torres_gross_and_marks,2,(365)452-1232,3.65
492,floyd_brooks_and_martin,11,8733638022,3.63
493,parker_berg_and_richardson,5,678.223.9113,3.28
494,mclaughlin_llc,9,152-658-6243x406,3.12
495,bennett_martinez,8,226.510.9354x43775,3.01
496,perez_llc,14,239.928.4041x99373,3.57
497,mckinney_herring_and_thompson,14,001-703-206-4922x0529,3.94
498,shepard_plc,5,066-927-6310x568,3.01
499,ramirez_taylor_and_david,6,354-130-7688x5289,3.4
500,wilkins_howell_and_mills,9,(387)631-2655,3.3
501,woods_brooks,13,001-016-082-8468x03229,3.35
502,williams_clark,10,2759357405,3.24
503,ross_buchanan,3,001-574-172-3716x79096,4.13
504,atkins_allen_and_tran,13,+1-794-742-0784x891,4.95
505,kirby_inc,4,+1-231-179-8241,3.86
506,moore_torres_and_reed,11,471-172-0159x72064,4.65
507,ryan_montgomery_and_wells,14,520.483.7806,3.48
508,martinez_taylor_and_king,10,001-325-498-4322x02310,3.64
509,castillo_klein,11,7201596760,4.0
510,castillo_conner,7,001-274-922-3866x69750,3.97
511,barnett_houston,6,(984)124-9610x69820,4.94
512,bright_hernandez_and_olson,14,+1-200-980-2329,4.97
513,cameron_plc,2,8190367617,3.97
514,burke_ltd,3,001-435-277-3250x4234,3.57
515,miller_group,14,357.179.2109,4.63
516,mejia_and_sons,9,(293)392-6602,4.77
517,lopez_and_sons,5,(183)285-5896x904,4.73
518,pineda_webb,8,+1-729-767-6766x59345,4.78
519,robles_group,3,+1-122-488-5694x99332,4.21
520,johnson_ingram_and_hill,2,616-721-1512,3.04
521,scott_wall_and_white,9,+1-407-525-1579x480,3.74
522,smith_mendez_and_baker,13,001-968-139-3991x17132,3.59
523,maldonado_ramirez_and_murphy,9,+1-473-806-3234x482,4.41
524,tran_bennett_and_potter,8,+1-708-444-0465x49255,4.89
525,hess_rice,13,846-320-5559,4.43
526,bell_larsen,6,895-423-0599x88195,3.93
527,galvan_kim,12,115-184-8229x0427,4.41
528,steele_smith_and_gray,13,001-404-996-7126x598,3.04
529,jones_gonzalez_and_kemp,4,660-275-5463,4.26
530,gardner_martinez,12,014.701.8581x773,4.87
531,grant_kim,12,001-828-420-5225x524,3.16
532,wright_plc,2,7383170383,4.73
533,fernandez_anderson_and_richardson,10,3234463941,4.7
534,gonzalez_burton_and_moreno,4,(046)325-6153x480,3.98
535,carter_black,14,388.746.0266x270,4.76
536,bates_llc,4,001-900-498-1805,4.92
537,hunt_rodriguez_and_baker,7,001-160-698-1467x528,3.29
538,fox_ltd,4,(000)233-7925,4.07
539,vang_inc,10,001-935-525-7909x2923,4.29
540,blackburn_lee,7,802.371.6828,4.83
541,porter_boyer_and_patterson,14,040.163.6575x76360,4.8
542,ellis_arnold,13,0134084279,4.18
543,hartman_moore,14,(143)602-5225x4893,4.48
544,jarvis_barnes_and_hayes,9,001-511-976-4462x921,3.41
545,powell_montgomery_and_martin,9,(575)824-2836,3.67
546,bell_group,14,(037)522-2340x705,3.48
547,lam_graham,6,(539)006-9758x2487,3.17
548,copeland_ross_and_cook,7,+1-405-737-0766x51759,4.01
549,rubio_inc,3,102.949.5670x56517,3.16
550,johnston_norman_and_howard,4,803.714.6452,3.49
551,martin_group,3,(369)288-6306x0516,3.67
552,wilson_schwartz,4,+1-883-855-6904x9364,3.58
553,holland_pollard_and_fernandez,5,2032395250,4.83
554,torres_chavez,5,001-991-581-5343x350,3.71
555,brown_and_sons,8,484.048.0666x81250,4.3
556,santiago_inc,2,(394)173-6302,4.81
557,banks_green,13,922-509-1542,3.18
558,hernandez_lopez,4,352-673-9822x6497,3.18
559,smith_flores,2,102-790-3797x5333,3.05
560,sosa_johnston_and_deleon,10,+1-081-256-3034,3.71
561,king_baker_and_miller,9,715.115.7640,3.85
562,conner_plc,8,533.704.1470x85271,4.79
563,lewis_mcdaniel,14,001-700-883-7567x2129,3.6
564,martin_nunez,3,001-243-486-6703x024,4.46
565,erickson_mullen,8,109.753.3177,4.32
566,li_and_sons,14,(117)063-4263x09725,3.92
567,ramirez_anderson_and_obrien,2,(605)117-3288x4387,3.39
568,lyons_mayer_and_forbes,5,601.535.2645x2317,3.1
569,solomon_williams,4,5528949013,3.18
570,patel_walton,14,0075353434,4.28
571,stewart_llc,6,830-841-7354,4.06
572,evans_llc,12,500-038-2406x931,3.97
573,ramsey_lee,2,457.314.0748x00392,4.66
574,cooley_griffin_and_casey,9,+1-233-789-0650x807,4.56
575,jackson_group,14,868.737.6735x1025,4.53
576,patel_ltd,2,(273)296-4966,3.49
577,smith_davidson_and_patton,6,161.506.3345x7703,3.19
578,riley_llc,13,(501)202-9902x66867,4.07
579,pratt_plc,2,594-773-5155x83704,4.79
580,williams_group,2,980-887-6609,4.03
581,torres_ltd,4,488-901-3010x527,3.27
582,molina_llc,9,2566201392,3.7
583,brown_lloyd,3,001-100-363-9322x59322,3.92
584,frank_ward_and_gallagher,11,143-703-1036,3.12
585,webb_mitchell_and_woods,10,+1-021-783-1703x8544,4.27
586,johnson_carter_and_stevens,13,317.280.8015x2850,3.37
587,wilson_plc,6,200.592.2126,4.66
588,martin_inc,7,305-978-7646,3.2
589,washington_simon_and_wright,3,492.921.5032x12101,3.75
590,gardner_mercado_and_ramos,8,436-667-7370,4.5
591,gonzalez_plc,7,+1-151-095-0619x555,4.77
592,goodman_gallagher,4,197.448.5874,5.0
593,hall_bright,3,(435)352-3434x9425,3.34
594,stark_smith,11,001-113-390-4652x852,4.33
595,mata_jackson_and_moore,9,001-053-359-5889x0409,4.22
596,harrison_ltd,2,637-407-5246,3.11
597,mccarthy_morrison,12,766-095-8738x7295,4.03
598,anderson_ltd,9,285-101-5327,3.84
599,leon_group,14,675-482-9741,3.02
600,chaney_llc,3,041.293.9572x1824,4.58
601,schwartz_group,2,(891)536-3040x3061,3.83
602,yang_long,11,001-184-310-8108x96551,3.54
603,white_cruz_and_johnson,8,431-940-3859x89311,3.79
604,parker_hughes,4,894.507.0477,3.78
605,pearson_inc,14,+1-020-336-7119x28225,4.78
606,wagner_farley_and_lawrence,5,+1-701-523-0381,4.92
607,green_hughes,2,+1-160-848-2728x228,4.14
608,zamora_sanchez,4,(162)268-0577x654,3.57
609,ruiz_williams_and_brewer,13,001-172-665-2861x974,3.87
610,walls_grant_and_silva,8,244.048.6103,4.54
611,sanders_ltd,7,(367)399-5329x76546,4.05
612,sanchez_smith,14,(834)084-3353x1724,3.47
613,smith_clayton_and_yoder,3,676-432-4004x189,3.43
614,huber_lopez,4,(461)170-1325,3.52
615,clark_rodriguez,4,001-698-842-0786x949,3.09
616,townsend_snyder,6,912.173.1247x30824,3.01
617,vaughan_evans_and_espinoza,14,(634)114-3883x30582,4.35
618,castro_baker_and_melton,9,(271)034-7212x8188,3.82
619,griffin_and_sons,5,+1-092-918-9648x9852,4.87
620,henry_james_and_phillips,4,001-996-427-3439x0660,4.98
621,schultz_plc,4,+1-045-165-8856,3.65
622,simpson_and_sons,14,746.304.3622x926,3.77
623,baker_cohen_and_harris,6,8787531293,3.4
624,todd_campbell_and_chavez,12,+1-525-339-7994,4.25
625,harris_llc,10,5048496383,4.6
626,may_chang_and_roberson,2,+1-703-948-6399x59203,4.97
627,decker_inc,10,957.172.8535,4.05
628,flores_daniel,12,864.093.1478x1280,4.85
629,clark_lewis_and_warren,13,+1-737-192-5570x0759,3.96
630,robinson_yang_and_larson,4,001-947-441-1940x9725,3.45
631,nguyen_smith,5,851.990.6918x35145,4.47
632,ellis_and_sons,8,001-548-777-6133x36411,3.59
633,ruiz_martin,7,+1-754-039-8640x02511,3.71
634,matthews_llc,14,340-375-0523x235,4.15
635,duncan_llc,8,(069)825-7499,4.26
636,phillips_martin_and_espinoza,7,001-410-504-0181x741,4.53
637,meyer_mendoza_and_serrano,7,633-697-2761x780,4.33
638,carter_and_sons,9,+1-806-201-6933x721,4.42
639,miller_taylor,4,756-150-5279,4.45
640,joseph_group,8,904-123-1511,4.22
641,dominguez_warren_and_miller,7,001-554-433-6802,3.63
642,williams_myers_and_hernandez,7,662-368-5779x916,3.98
643,scott_gonzalez,7,+1-200-914-6470x7219,4.81
644,warren_miller,10,(552)840-7557x4085,4.57
645,aguilar_gilmore_and_ramirez,10,3155963994,3.75
646,bailey_watkins,9,+1-217-921-6543,4.59
647,macdonald_plc,3,041.599.8905,3.23
648,boyle_peters,13,157-405-1609,3.97
649,shepherd_group,13,001-851-926-3060x40693,3.38
650,graves_group,6,001-439-089-8318,4.95
651,tucker_cain,9,(895)825-7675x8625,3.68
652,moore_watts_and_mcmahon,10,(823)489-9543,3.4
653,russell_llc,14,439.048.2559x8104,3.63
654,scott_hawkins,4,+1-716-154-1828x18956,3.97
655,thompson_and_sons,8,(708)855-3025x6532,4.69
656,harding_nelson_and_sanchez,3,067.368.0849,4.77
657,johnson_and_sons,4,+1-609-950-0644x7253,4.36
658,garrett_cardenas_and_jones,5,998-133-8885x87554,3.41
659,green_griffin_and_miller,3,001-100-639-0055x400,4.79
660,rivera_plc,12,930.009.5144x921,4.92
661,morris_martin_and_wyatt,5,001-969-572-1934,3.71
662,johnson_and_sons,12,+1-101-881-5950x12142,4.52
663,white_williams,12,001-746-804-1884,3.92
664,forbes_ltd,4,001-848-888-8471x3262,4.79
665,perkins_vaughn,9,778.475.2922x163,4.27
666,miller_robbins_and_snyder,11,001-499-596-9858x639,3.22
667,ochoa_group,10,+1-509-255-6102x5808,4.73
668,cook_phillips_and_mccarty,4,(381)814-4430x1108,3.9
669,dixon_ltd,6,001-584-953-1122x4954,3.28
670,king_taylor_and_lopez,3,+1-284-905-0736x24518,4.77
671,williams_todd_and_kidd,4,913.349.9048x760,4.12
672,smith_scott,11,523.315.5448x7754,3.39
673,austin_inc,12,099-659-1262,4.99
674,price_hicks,2,001-846-974-9275x849,3.49
675,wright_crawford,9,160.034.8256,4.47
676,neal_allen_and_allen,13,3179882290,4.49
677,flores_and_sons,8,(264)769-9805,3.56
678,watkins_nelson,13,473.997.6060,3.66
679,dunn_ryan_and_moore,9,(246)174-3433x509,3.46
680,jordan_johnson,8,001-540-042-4651x2547,4.17
681,bailey_pitts,3,(835)738-3191x47090,4.0
682,owens_white,8,782-426-6933x840,3.88
683,nichols_duran,12,+1-450-525-7556x4617,3.47
684,andrews_vazquez_and_johnston,8,438-596-8315,3.41
685,hickman_miller_and_thompson,12,(039)652-6777,4.83
686,holmes_llc,12,2653941115,4.94
687,bruce_roman,11,001-407-188-0030,3.76
688,taylor_ross,9,(529)537-1922,3.86
689,davis_aguilar,9,3720192500,3.49
690,hurley_johnson,2,+1-214-411-6639x122,3.36
691,stephens_plc,9,(289)534-4586x39657,3.36
692,hall_anthony_and_newman,8,282-693-0815,4.65
693,lane_group,12,535-592-7769x32964,4.72
694,williams_cross_and_franco,4,001-446-149-5497x5245,3.14
695,brown_spence_and_estrada,12,139.844.8039x1940,3.36
696,washington_baker_and_gonzalez,9,(757)362-2569,4.65
697,ford_llc,11,265-593-3282x69885,3.46
698,williams_coleman_and_underwood,6,773-730-7494,3.69
699,king_walker_and_meyer,5,596-308-6750x127,3.24
700,patel_ltd,3,(912)940-6473,3.93
701,taylor_llc,11,(512)936-2636,4.09
702,swanson_brown_and_king,8,595-092-3108,3.95
703,kelly_hernandez,6,322.265.8002,4.92
704,smith_nolan_and_johnson,7,(832)435-1272,3.57
705,rogers_stone,4,943-181-3392x26459,4.46
706,carter_chang_and_hanson,8,308-427-7992x699,4.86
707,thomas_hill,7,001-948-546-3120x90101,3.42
708,mahoney_plc,8,835.488.4022x008,4.17
709,morris_and_sons,7,+1-263-335-9355,3.21
710,romero_smith_and_fleming,7,001-220-416-0479x130,3.02
711,mitchell_santos,2,(624)495-1285x636,4.03
712,wolfe_foster_and_parker,12,708.160.8148,3.48
713,moran_walker_and_alvarez,5,394.693.8079,3.66
714,clark_pineda,2,184.071.8031x41539,4.07
715,stanley_inc,12,848-475-7561,3.99
716,lopez_foster,14,596-346-3359x7577,4.42
717,bernard_burgess,11,656.666.1769,3.29
718,carroll_group,7,+1-453-074-2283x1771,4.04
719,meyer_wilson_and_powers,7,6525310105,3.63
720,bauer_plc,5,(349)027-9954x6452,3.06
721,bird_group,5,185.183.7164,4.44
722,holmes_llc,6,(632)812-4328,4.84
723,cruz_meza_and_martin,2,(938)063-6511x2891,4.96
724,bennett_flowers_and_williams,10,001-848-358-9440x496,4.57
725,moore_parker,8,933-641-4323x3449,4.56
726,wright_bentley_and_brown,2,+1-779-089-7357x95657,4.14
727,shaffer_jones_and_hughes,4,(939)248-7337x59905,4.24
728,harrison_green,3,001-302-166-1321x216,3.73
729,frank_hernandez_and_smith,11,746.698.8464x91899,3.88
730,mcintosh_hutchinson,4,001-489-170-4875x4813,4.87
731,wilkerson_hernandez,14,110.100.4588x5890,3.37
732,salinas_plc,5,933-614-0609x862,3.98
733,jones_navarro,9,753.916.1956x762,4.12
734,diaz_smith_and_berry,14,001-433-514-7752,4.1
735,leach_brady_and_smith,14,+1-062-195-8987x1405,3.18
736,proctor_cabrera_and_richardson,10,815-642-9081,4.29
737,lee_manning_and_santos,6,+1-669-034-7738x7892,4.85
738,murphy_doyle,4,979-683-6293x39642,3.86
739,king_vargas,7,220-818-6699x8617,4.23
740,dunn_mueller_and_baker,11,001-915-738-5352x824,4.37
741,davis_schmidt_and_winters,12,(454)382-5145,3.56
742,smith_daniel_and_wallace,13,+1-791-963-5905,4.66
743,jones_and_sons,10,001-720-515-1803x52996,3.51
744,miller_clark,2,274.427.9793,3.88
745,schwartz_inc,7,197-356-1903x579,3.21
746,ware_george_and_parrish,12,001-472-307-0452x35223,4.97
747,mitchell_miles_and_williams,12,+1-267-755-8551x54237,3.07
748,wyatt_hernandez,8,566.821.7788x869,3.52
749,jordan_madden,5,1898245360,3.8
750,gibson_richardson_and_nguyen,12,001-459-004-7162x771,3.11
751,garcia_wade_and_fox,8,(007)535-5638x2514,3.98
752,barnett_group,12,027-988-5178x5619,4.55
753,sanchez_weeks,14,001-389-869-2318x86497,4.8
754,gordon_and_sons,14,001-249-335-8022x1922,3.12
755,cole_bennett_and_yoder,12,150-885-6078,4.31
756,palmer_lopez,2,164-408-9617,4.41
757,robinson_watson_and_pace,14,531-553-6421x32750,4.88
758,bennett_llc,11,(070)917-0705x085,3.33
759,brown_lowery_and_meza,7,233.315.6323x3307,4.96
760,phillips_inc,11,(429)389-0705x6673,3.09
761,brooks_chapman,2,+1-123-748-5535,3.01
762,silva_and_sons,6,954.608.9508x7891,4.85
763,martinez_smith_and_cook,10,624-167-1447,4.41
764,ellis_williams_and_fisher,8,(308)348-7322,3.82
765,rowe_henson,12,441.985.2559x6154,4.09
766,gomez_wolfe,9,893-732-1656,4.16
767,munoz_cox,5,013-932-7485,3.19
768,lara_phelps_and_clarke,2,+1-636-726-3594x5281,4.88
769,allen_strickland,12,837.314.2909,3.6
770,beck_group,2,(471)910-4019x69320,3.12
771,lester_robinson_and_weaver,8,001-911-099-6160,3.99
772,williams_day,14,(121)138-6476,4.31
773,collins_and_sons,13,313.998.5607,4.89
774,larson_cardenas,5,(825)066-3186x5633,4.49
775,spencer_ltd,8,001-674-919-4086x37160,3.74
776,francis_inc,5,001-779-932-1191x05117,4.84
777,gutierrez_llc,14,729.559.6524x19243,4.61
778,carey_ltd,7,001-048-347-8432,3.44
779,watkins_watson_and_harrison,2,(974)784-2232x2038,4.81
780,nash_anderson,14,835-171-6859,4.51
781,mendoza_harper_and_graves,4,(268)350-2079x7663,3.41
782,schneider_ltd,14,001-879-175-7996x478,3.02
783,haynes_blake_and_koch,13,543-207-2796x438,3.28
784,blair_inc,3,988.672.1923x63672,3.39
785,welch_and_sons,4,001-274-300-6633x0481,3.6
786,holland_inc,12,1559694141,4.36
787,smith_ltd,12,001-717-924-6944x607,3.73
788,burns_huang_and_ellis,13,754.068.5588,4.64
789,hahn_hernandez,2,(580)737-2320,4.45
790,medina_bush,14,+1-607-178-7580x78923,3.44
791,wilson_richardson,11,001-447-397-1285x78408,4.78
792,branch_thomas_and_garza,14,001-825-905-8105,4.03
793,perry_ltd,6,+1-911-007-8862x363,4.28
794,walsh_li,14,803.165.4014x332,3.13
795,davis_christensen_and_cardenas,2,896.948.8754x8101,3.68
796,lewis_and_sons,9,502-293-5420,3.31
797,jacobson_and_sons,7,191-964-1069x688,4.01
798,gomez_owen_and_davis,8,001-840-488-4106,4.6
799,acevedo_group,12,(926)336-0081x27004,4.55
800,sloan_kennedy,5,001-201-708-5427,3.74
801,kim_inc,5,(516)913-4919,3.46
802,fowler_plc,7,001-508-097-6852x451,3.48
803,scott_llc,10,580.546.7311x9638,3.71
804,holder_mills_and_riggs,12,+1-022-276-8686,3.72
805,mitchell_todd,10,(443)066-1331x47210,4.39
806,walker_llc,4,001-316-625-2324,4.59
807,sanders_sloan_and_hernandez,4,027.801.9722,3.25
808,gill_hurst,3,(295)112-0736,4.8
809,salinas_group,7,001-384-723-5526x40108,4.48
810,smith_garcia,12,(327)035-9555,4.12
811,livingston_and_sons,4,001-925-017-2924,4.94
812,gillespie_inc,10,001-662-241-9671x301,4.93
813,brennan_reed_and_campbell,3,(652)819-3642x382,3.09
814,young_llc,13,(810)956-1442,4.74
815,wheeler_plc,13,669-735-9272x88131,3.11
816,huber_daniel,11,684.205.8150,4.31
817,warren_freeman,6,(544)629-9736x01238,4.06
818,hunter_group,13,001-447-255-1471,3.13
819,merritt_llc,8,(717)913-5773x28219,4.31
820,estrada_jennings_and_patterson,7,(389)789-5254x634,4.83
821,ferguson_and_sons,9,001-522-109-9956x623,3.51
822,bowen_hernandez,11,001-328-680-5088x8646,4.46
823,johnson_lewis,10,129-723-5871,3.61
824,curtis_group,8,535-266-4273,3.31
825,robinson_king_and_graham,2,(185)010-9632x510,3.71
826,phillips_llc,11,686.714.6959x98763,4.46
827,esparza_llc,12,+1-457-893-9857x41425,4.47
828,nelson_taylor,8,7794804202,3.21
829,white_steele_and_conley,13,381-916-1700x881,3.63
830,elliott_carpenter,2,424.266.9273,4.27
831,torres_king,12,212-071-4207,4.38
832,campbell_plc,14,001-416-419-9818x17379,3.71
833,riley_davis_and_webb,3,(936)681-5416x5142,4.76
834,ford_phillips,12,748-306-0875x9503,4.68
835,craig_inc,5,001-361-560-9867x153,3.25
836,becker_beasley,14,(623)010-8757x19913,3.57
837,mendez_hernandez_and_navarro,12,513-572-7077x214,4.97
838,henderson_plc,10,157.063.5911x80712,3.46
839,bonilla_johnson_and_hobbs,10,105-803-8620x0264,4.98
840,stuart_baker,9,674-362-6890x82769,4.08
841,turner_plc,12,+1-988-911-8036x96212,4.05
842,villa_mendoza,3,+1-180-240-0676,3.85
843,underwood_johnston,3,(800)465-9762x28117,3.29
844,garner_navarro_and_wells,9,634-685-0102x044,4.93
845,huynh_martinez,10,765-284-6307,4.23
846,schroeder_inc,9,174.740.8197x44048,4.36
847,horn_hernandez_and_smith,12,+1-548-315-3184x86216,3.59
848,brown_young,13,+1-373-060-9261x2052,4.94
849,jackson_rhodes,11,(973)120-1474,4.59
850,perez_diaz_and_long,8,752.584.4888,3.7
851,bennett_inc,14,9457013054,4.99
852,blackburn_taylor_and_moore,2,597.492.7961,4.25
853,miller_ltd,13,160-037-3402x67160,4.83
854,sanchez_prince,13,358.157.2770x3767,4.22
855,carlson_hanson_and_martinez,6,104-930-7144x0131,3.21
856,wall_lee_and_melton,6,(070)505-7816x795,4.98
857,morales_boone_and_johnson,9,639.565.2499x804,3.45
858,brown_hogan_and_santos,7,(292)669-6793x54870,4.2
859,chandler_roberts,11,7799569330,4.54
860,estrada_cochran,10,001-977-614-8066,4.43
861,rivera_llc,13,+1-176-054-3316,4.7
862,flores_and_sons,2,519.186.2169x068,4.68
863,king_morales,12,(058)640-7952x4935,3.66
864,contreras_garrett_and_pope,14,186-412-8364,3.08
865,johnson_lopez_and_hernandez,14,+1-193-611-7109x191,4.24
866,fields_hill,11,497-266-3806x5595,3.04
867,brown_ltd,11,676-931-6350,4.05
868,baker_and_sons,7,+1-583-774-1497x23884,3.43
869,boyd_ltd,4,(453)027-3577,4.83
870,campbell_chavez,5,819.917.6467x7643,3.81
871,beck_hines,13,(890)992-9768,3.8
872,gordon_house_and_martinez,2,(017)453-7255,3.77
873,brown_lee,5,(743)439-5787,3.97
874,cook_briggs,7,001-414-022-9534,3.67
875,robinson_small_and_hardy,11,405.507.0709x708,3.29
876,wilson_ltd,10,916.503.0634x01113,3.93
877,ramirez_and_sons,3,(990)904-8590x3907,4.16
878,shelton_gray_and_bishop,5,352-025-6187x6299,4.11
879,hernandez_smith,3,283.623.1061,4.56
880,horn_estrada,14,981-945-8716x9922,4.89
881,thompson_jackson,10,001-907-885-9201x15629,4.13
882,barrett_marshall_and_berry,11,4160801637,3.1
883,shields_howard,4,252-042-4527x03328,4.7
884,ramos_bauer_and_reynolds,5,+1-941-883-4108x96651,4.17
885,jones_group,13,+1-081-631-8636x378,3.12
886,brandt_winters_and_norris,4,+1-541-938-0524x56504,4.28
887,rogers_haynes,11,001-860-604-8886x308,3.45
888,jones_evans_and_rodriguez,13,(624)775-6204,4.8
889,white_plc,13,+1-684-579-8176x7974,3.61
890,saunders_spencer,9,(150)762-7723x099,3.84
891,cummings_singleton,6,479.560.8817x17245,4.65
892,hernandez_miller_and_evans,10,919.305.0127x319,3.84
893,welch_smith_and_norton,3,(723)715-0484x99389,3.91
894,marsh_ltd,6,(389)607-5803x7763,4.57
895,schmidt_pham,5,+1-045-928-4216,4.43
896,lopez_jackson_and_mercer,4,001-055-599-2538x36465,4.63
897,daniels_harris_and_bauer,9,994.113.2872x68702,4.19
898,rosario_ingram_and_turner,7,441-303-3466x86713,4.69
899,boyer_reynolds,13,001-419-700-7321x123,4.63
900,goodman_wheeler_and_sanchez,3,(023)415-8993,3.63
901,flores_inc,9,001-731-036-3238x654,3.95
902,sims_leach_and_mills,12,124-709-6794x330,4.57
903,moody_wells_and_alvarez,8,226-419-3115x22913,3.6
904,smith_nichols,13,+1-854-988-4700x0843,4.41
905,solis_huerta,12,(454)753-5806,3.99
906,khan_harris,2,566.353.3966,4.51
907,gonzalez_caldwell_and_chen,14,221.116.4001x3892,3.74
908,lopez_lynch_and_weiss,2,001-456-793-0047x300,3.74
909,cline_graham_and_tran,11,(493)456-2777,3.5
910,mccullough_inc,5,+1-224-954-3701,3.73
911,thornton_plc,4,984.322.3560x461,4.47
912,smith_mccormick_and_ashley,13,001-135-053-2301,4.87
913,edwards_cameron_and_gutierrez,3,+1-794-369-8142x869,3.72
914,davis_nguyen,12,086-214-0584x96012,3.8
915,smith_reeves,3,(356)314-7268x5195,3.34
916,james_plc,6,829-070-4306x496,3.98
917,byrd_inc,2,001-958-884-7008x3350,4.64
918,peters_garcia,12,(426)904-6425x2715,4.9
919,gordon_and_sons,11,001-566-253-4611x367,4.09
920,aguirre_hubbard,11,(719)128-6117,3.4
921,wright_group,10,2414209737,4.49
922,gentry_haney,2,+1-153-072-5260x65970,3.2
923,lee_garcia,12,155-815-2358x9687,4.76
924,rose_ltd,5,572-228-9050,4.29
925,boyd_guerrero,7,209.641.3417x612,4.55
926,mccormick_perez,13,4365329905,3.42
927,cameron_morton_and_martinez,8,4406416345,4.3
928,harris_turner_and_rosales,7,694-214-7144x620,4.55
929,maldonado_group,5,743-800-1909x8724,3.19
930,williams_turner,6,+1-147-162-2089,3.47
931,powell_plc,9,(588)095-6865x0624,4.71
932,olson_nelson,4,(739)333-8029,3.25
933,johnson_fisher_and_lee,7,+1-927-398-0447x7947,3.98
934,bryant_robles_and_ellison,12,001-808-893-5445x19642,3.71
935,stephens_gross,2,(355)711-9572,3.02
936,owens_morrow,7,+1-454-780-4633x04319,4.35
937,patton_and_sons,10,+1-746-699-2656x5857,4.37
938,lee_group,13,606.135.7609,4.64
939,james_plc,4,(889)491-5391x115,4.77
940,boyd_inc,10,001-296-910-8458x74661,3.97
941,lang_graham_and_turner,9,(130)933-4034,4.18
942,schwartz_jones,5,(512)899-0557,4.76
943,cook_riley,4,(127)995-9620x54287,4.26
944,chaney_burgess_and_parks,3,(595)275-6540x9958,3.39
945,robinson_gibson_and_powers,11,(309)209-5736x09077,4.57
946,romero_burns,14,127-873-3788,4.91
947,horn_hudson,12,(712)438-5626x7537,4.06
948,lee_stanley,6,001-682-612-6398x3804,3.51
949,lewis_gonzalez_and_watson,9,001-533-143-6650x3132,3.14
950,franklin_jackson_and_burton,13,001-536-944-4087x586,4.01
951,garcia_decker_and_anderson,8,615.811.9038x99937,4.1
952,gordon_group,5,029-585-9282,3.96
953,savage_figueroa_and_vincent,8,271.758.7351,3.83
954,jackson_inc,10,048.820.1915,3.46
955,hayes_plc,10,+1-830-245-0995x3215,3.61
956,mitchell_campbell_and_obrien,11,928-350-6765,3.02
957,mitchell_perez,7,+1-655-235-4254x0095,3.9
958,lopez_llc,3,663.128.4587,4.03
959,hayes_steele,6,9455982479,3.07
960,clark_miller_and_gray,11,138.350.9925x96946,3.87
961,peterson_mitchell,10,581.894.9259,3.78
962,rodriguez_sims_and_hernandez,14,(687)760-9943,4.89
963,rogers_ltd,2,548.323.4706,3.01
964,cummings_ltd,4,+1-837-585-0502x098,4.45
965,johnson_inc,9,(383)975-5599x8344,4.47
966,pruitt_and_sons,14,1086559053,3.66
967,olsen_plc,2,627-823-1121x199,3.89
968,morris_plc,12,001-722-497-9345,3.42
969,gibbs_brooks,9,+1-719-667-7465,3.33
970,baker_myers,13,001-910-443-2804x446,4.52
971,smith_inc,13,(580)032-2093,3.73
972,welch_smith_and_lynch,10,(066)005-8461,3.15
973,garner_llc,3,+1-617-247-7408x1925,3.73
974,richards_allen_and_cortez,6,001-147-010-0624,3.61
975,garza_ltd,12,(926)843-8480x46789,4.03
976,werner_pacheco,12,001-495-296-7620x39529,4.72
977,garcia_miller_and_white,6,245.998.5469x2692,3.5
978,mcdowell_rice,6,001-159-344-7732,3.09
979,gill_campos_and_baker,7,+1-732-267-3670,4.81
980,welch_arroyo_and_dixon,5,(704)765-9131x776,3.84
981,duran_llc,4,671.135.6221x742,3.88
982,underwood_and_sons,4,001-181-648-4379x01532,4.71
983,bowman_weaver,4,295-816-5033x0727,4.44
984,jacobson_gray_and_patel,6,001-503-680-8483x8590,3.82
985,rocha_sullivan_and_hurst,5,001-788-856-9356x052,4.77
986,herring_patrick_and_moyer,14,403.436.0113x734,4.99
987,erickson_inc,10,1946147828,4.64
988,mcclure_banks,4,(084)123-8701x7373,3.75
989,ball_wagner,9,252.981.9451x300,3.03
990,anthony_jones,8,001-134-923-2344x71635,3.92
991,rivera_berger_and_perry,9,+1-550-202-8884x9746,4.38
992,chung_ltd,6,(201)763-8642,3.98
993,walton_rodriguez,11,6268163655,4.1
994,williamson_doyle_and_parker,7,+1-341-890-5999,4.7
995,kelly_myers_and_harvey,13,722.170.8842x80911,4.39
996,winters_thornton_and_mcpherson,12,(945)431-5324x474,3.91
997,barnes_plc,2,783.058.1877,3.46
998,adams_inc,7,282-765-9578x61786,4.74
999,arnold_short,9,763.463.6784x223,3.74
1000,thomas_and_sons,5,+1-331-380-6091x877,3.83
1001,torres_thompson,13,309.200.7789x131,3.39
1002,brown_woods_and_harvey,13,+1-342-565-5166x25475,4.15
1003,parker_singh_and_smith,3,001-998-168-9594x1863,4.5
1004,cannon_thornton,10,(067)961-0342x6704,3.34
1005,anderson_larsen_and_woodward,13,998-439-5253x261,4.91
1006,carney_gardner_and_gutierrez,8,471.386.7648,3.6
1007,mendoza_booth,8,646.599.4849x3941,4.85
1008,stark_inc,12,001-798-671-0080x537,4.92
1009,perry_hamilton_and_abbott,3,(115)707-6751,4.53
1010,jones_inc,5,305-675-3149,3.08
1011,hernandez_bell,3,992.145.2428x8730,4.96
1012,jarvis_davis,8,396.313.7066,3.49
1013,reed_clayton_and_cardenas,5,(060)463-5980,4.08
1014,rivera_french,9,+1-072-362-7456,3.13
1015,wood_llc,7,001-259-332-5639x4035,4.97
1016,hunt_pennington,7,(079)072-3271x67706,3.83
1017,hensley_stone,2,+1-657-889-3820,3.87
1018,williams_chavez_and_jackson,11,001-792-041-5684x3852,3.94
1019,lawson_group,2,001-947-614-7864x43880,4.67
1020,glass_inc,2,001-976-315-7147,4.27
1021,reyes_poole_and_skinner,14,274.478.0801x370,3.72
1022,wall_hodge,2,(064)636-1139x5782,3.01
1023,mcclain_llc,10,165-624-7862,3.43
1024,brown_alvarez_and_smith,11,001-056-127-7788x2787,3.91
1025,day_pruitt_and_price,5,(067)609-8160,3.99
1026,larson_hart_and_james,10,+1-497-823-0351,4.68
1027,munoz_group,13,543-395-2460,3.1
1028,powell_roberts,14,001-263-342-3469,4.18
1029,baird_adkins_and_wells,10,872.792.5439,3.08
1030,gaines_kim_and_vega,6,+1-767-760-6419x56438,4.78
1031,mays_johnson_and_lopez,5,001-192-618-1768x7741,4.95
1032,lewis_inc,10,001-026-716-0367x4503,4.21
1033,norton_smith,2,628-242-3297,4.56
1034,stone_george_and_waller,13,001-802-114-5301,4.17
1035,harrington_collier,4,386-229-1616x94417,4.47
1036,cooper_sullivan,13,(749)998-9792,4.89
1037,hayes_barnett_and_knight,8,001-444-739-1428x1850,4.98
1038,wilson_and_sons,3,001-740-000-3564x620,4.06
1039,blankenship_wilkerson,2,8047819348,3.86
1040,rice_mills_and_carrillo,12,+1-228-452-2754x510,4.37
1041,padilla_bailey,14,001-690-096-7774x46718,3.81
1042,lloyd_rodriguez_and_robinson,12,001-470-076-3828,3.91
1043,rogers_and_sons,4,909.829.1582x4476,4.58
1044,campbell_davis,13,(096)596-7107x399,4.57
1045,anderson_barron_and_sharp,7,0578638420,3.19
1046,smith_plc,14,711-176-6429,4.38
1047,fischer_nichols,13,(895)280-6226,3.98
1048,gonzales_rivera,13,(349)525-9181x95344,3.3
1049,murphy_perez,3,002-746-3820,4.58
1050,wright_group,3,(823)790-0840x0921,3.94
1051,banks_group,3,327-816-0617,4.05
1052,chavez_llc,5,+1-133-664-8376x192,3.25
1053,lowe_hicks_and_molina,3,725.417.7876x6892,3.31
1054,stanton_taylor_and_sanchez,10,5695951457,4.91
1055,jones_llc,3,081.870.3021x52290,4.27
1056,carpenter_ltd,8,1626081805,4.77
1057,ortiz_and_sons,2,644.223.6746x12808,4.69
1058,carr_bell,14,+1-009-179-2188x55873,3.94
1059,miller_schultz,8,(301)850-6128,3.98
1060,robinson_robinson_and_trujillo,7,0403351617,4.3
1061,jones_wall,7,+1-585-549-3374x734,4.0
1062,gibson_taylor_and_clark,2,+1-278-677-5664x7092,4.04
1063,ramos_mullen_and_sandoval,4,204-820-4821x572,4.55
1064,johnson_ritter_and_jones,9,633-082-0375,3.4
1065,williams_group,6,694.746.4951x35002,4.11
1066,archer_hunt_and_robinson,14,701-331-0817,4.74
1067,taylor_reese_and_morris,11,1375786782,3.94
1068,werner_and_sons,2,826-463-1640,3.92
1069,bradley_price,9,(785)560-0541x4189,4.74
1070,gomez_lewis_and_butler,5,(760)545-1781x00213,4.28
1071,woodard_inc,4,284-777-6522x2702,3.36
1072,young_llc,5,+1-208-230-0671,3.08
1073,phillips_austin_and_sanchez,12,056.801.1549,4.92
1074,burns_plc,11,(892)198-6440,3.49
1075,morton_ramirez,3,(195)549-4911x30504,4.91
1076,lee_ramos_and_cox,6,446.551.9891x5556,3.19
1077,baker_evans_and_tanner,6,(694)393-7078,3.26
1078,wilcox_inc,13,3388418808,3.24
1079,hunt_llc,13,461-350-4012x9402,3.38
1080,acosta_llc,8,+1-537-229-8248x590,4.6
1081,bowers_llc,4,302.341.0183x53635,3.97
1082,bailey_carlson,8,(007)034-8718,3.23
1083,robertson_butler,7,001-545-394-4950x080,4.3
1084,hall_campbell,8,4431845172,4.26
1085,hunter_luna,7,+1-473-339-6888x0579,4.3
1086,sexton_murray,10,122-306-2833x64879,3.9
1087,johnson_rich_and_norris,7,(113)576-0916x3273,4.05
1088,miller_phillips_and_baker,4,(632)247-0830x5239,3.93
1089,martinez_inc,3,576-592-2355,4.07
1090,reid_llc,3,(570)990-5836x97796,3.26
1091,moore_johnson,4,(594)161-8644x66125,4.25
1092,simpson_taylor,5,5564755024,3.33
1093,lewis_wilson,3,(062)507-5517x7404,3.47
1094,butler_anderson,13,221.636.9594,3.01
1095,acosta_lopez,12,917.216.8674x074,4.34
1096,anderson_hayes,7,988.202.6462,4.15
1097,davis_lewis,11,(067)183-5152x7649,4.32
1098,fuentes_meadows,7,001-817-368-5263x833,3.25
1099,hunter_ford,3,001-338-573-1241x385,3.04
1100,williams_rosales,8,+1-263-563-9397,3.09
1101,howard_plc,3,+1-529-886-1846x8573,3.29
1102,whitehead_inc,12,931-101-0156x9668,4.01
1103,russell_marshall,10,+1-754-817-5744x3688,4.76
1104,vaughn_llc,8,0747478954,4.61
1105,collier_inc,10,001-724-193-7813x0718,4.05
1106,gregory_and_sons,12,001-304-189-2448x13174,4.1
1107,horn_group,11,+1-243-899-0404x4793,4.05
1108,cunningham_gonzalez_and_ellis,2,223-880-3186,3.43
1109,davis_allen_and_moss,12,7048903076,3.54
1110,hurley_llc,12,605.890.0386,3.57
1111,richards_trevino_and_ingram,10,(575)298-9041,3.62
1112,ball_bishop_and_jones,3,001-798-554-5822x16628,3.65
1113,frye_and_sons,7,001-099-771-6547x19198,4.34
1114,cox_jones_and_miller,10,786.049.8341x70927,3.12
1115,valentine_group,7,+1-116-050-5863x66832,3.37
1116,hill_ltd,5,923-935-9567,3.92
1117,guzman_clark,4,+1-400-422-1784,4.57
1118,jenkins_lee_and_wright,5,+1-891-941-3095,3.09
1119,walsh_wilson,10,001-886-295-3984x69175,4.23
1120,martinez_and_sons,14,001-448-887-9432x62754,3.81
1121,murphy_morris,7,201.570.9483,3.43
1122,glass_cannon,9,+1-242-544-6727x42554,3.29
1123,mcdowell_poole_and_trevino,5,+1-485-887-5839x7053,4.06
1124,barnett_martinez,13,001-771-793-2080,4.66
1125,winters_roth_and_hopkins,14,(183)263-9651x961,3.5
1126,nichols_freeman_and_ramirez,11,2340677666,4.41
1127,vargas_castro,4,+1-571-881-2201x315,4.26
1128,mccann_sullivan,3,9460630373,3.56
1129,wolfe_coleman_and_elliott,10,001-324-327-3489x175,4.74
1130,faulkner_ltd,2,4823384152,4.53
1131,johnson_group,8,103-347-4717x9840,4.06
1132,white_smith_and_jones,3,+1-514-376-6361x4957,4.64
1133,chung_stone,13,262.511.8490x22752,3.44
1134,jones_yang_and_williams,11,757-154-7609x55689,3.2
1135,arellano_taylor_and_williamson,2,719-371-2407x26609,4.27
1136,shaw_group,11,443-811-0506x0581,4.81
1137,ramos_jenkins_and_petty,9,567-240-9090,4.63
1138,berger_plc,4,109-436-1327,3.09
1139,boyle_sandoval,11,001-771-963-2234x207,4.36
1140,johnson_ltd,10,725-545-7469,4.02
1141,gates_sweeney,13,664-568-6741x188,4.96
1142,ross_peterson,14,(834)186-6271,3.06
1143,franco_group,10,752.142.8411x41582,3.36
1144,king_inc,11,001-281-044-0225,3.21
1145,hoover_and_sons,7,6770045270,4.28
1146,carpenter_plc,8,350-721-7176,3.31
1147,tyler_campos_and_archer,9,2692762160,4.5
1148,snyder_group,9,001-543-791-0849x38935,4.35
1149,ochoa_robles,8,893.874.2065x23029,3.54
1150,ross_and_sons,5,063.231.7863x230,4.25
1151,lee_llc,8,001-548-358-8625x611,3.65
1152,owens_hines_and_kim,11,181.439.2919x254,4.15
1153,chambers_jimenez_and_hernandez,7,001-088-118-4174x131,4.05
1154,rasmussen_bates,12,001-808-462-1020,3.91
1155,boyd_fox,8,326.918.5619x8362,4.98
1156,hall_llc,10,604-492-3147,4.35
1157,gardner_barker,4,+1-231-409-3551x172,4.2
1158,hernandez_beard_and_thompson,9,(709)260-9594,3.74
1159,conner_inc,11,(625)534-1402,4.32
1160,hutchinson_inc,3,(915)553-9294,3.16
1161,johnson_and_sons,4,001-436-978-6730,3.28
1162,hawkins_inc,10,001-896-641-8087x8257,3.45
1163,moore_and_sons,11,(515)438-7148,3.83
1164,hill_inc,4,(432)026-8143,3.84
1165,ortiz_ltd,2,617-359-7136x99718,4.53
1166,lawrence_lopez_and_farrell,6,3329135230,3.68
1167,garrett_bishop,5,251-169-7905,3.19
1168,costa_inc,14,0664310067,4.31
1169,waters_thomas_and_villanueva,11,+1-145-245-6356x934,4.16
1170,clark_inc,4,952-021-5385x3468,4.21
1171,klein_ltd,10,428.523.6448x871,4.36
1172,merritt_rogers_and_wells,3,001-786-072-3071,4.17
1173,blake_travis,7,335-085-5131x06456,4.02
1174,wagner_sawyer,5,036-892-9133x40641,3.26
1175,carter_inc,8,882.125.6829x7999,4.23
1176,wood_garcia_and_martinez,8,(478)837-4140,3.45
1177,taylor_mcdowell,7,644.975.7123x67751,3.36
1178,miller_pierce,12,366-327-4119x900,4.54
1179,walsh_bryant_and_wright,14,(545)360-4662x573,4.7
1180,lee_llc,3,251.333.2714x525,3.36
1181,thompson_plc,14,001-182-567-9017x967,4.47
1182,crawford_wagner,12,(482)743-3065,4.71
1183,powell_rich,11,(387)673-0695x3906,4.36
1184,burnett_edwards_and_burgess,3,(846)557-0934x518,3.3
1185,orr_jackson_and_hawkins,14,542-133-3418x15776,4.01
1186,patel_inc,11,848-237-0779x43163,4.69
1187,murphy_ltd,6,001-966-596-8043x55438,3.63
1188,turner_hunt,11,587-619-9807x88077,3.78
1189,fleming_ltd,10,342.559.6252x33476,4.17
1190,chavez_group,8,(364)283-9791x3389,3.99
1191,allen_inc,10,915.622.9918x02483,4.97
1192,jackson_johnson,8,001-132-821-2100x02475,4.23
1193,torres_clark,7,525.538.5312x32543,4.73
1194,ruiz_plc,8,+1-284-370-1237x71222,3.37
1195,lee_pena,2,(017)778-9953,3.28
1196,anderson_martinez,10,989-790-1721x8972,4.14
1197,anderson_thomas,3,358.193.8981x242,4.93
1198,ramirez_sims,11,(617)276-2293x020,3.07
1199,jimenez_inc,14,261-296-1860x703,3.15
1200,santiago_lynch_and_vance,11,5252381327,3.34
1201,woods_and_sons,6,(503)272-5418,4.53
1202,baker_inc,6,440.911.3024x44489,3.67
1203,cox_inc,12,(308)586-9377,4.26
1204,rosales_ltd,13,081-182-2510,3.86
1205,powell_jackson_and_phillips,6,9890151059,4.65
1206,padilla_inc,11,008.197.3762x6678,3.36
1207,salazar_ltd,3,001-577-326-2082x3270,3.79
1208,barnes_inc,8,020-022-8228x3125,4.03
1209,white_simpson_and_dixon,3,(173)736-8679x106,3.48
1210,jefferson_thornton_and_figueroa,11,+1-689-393-2963,3.85
1211,soto_olson_and_boyd,6,(372)194-9442x80945,4.15
1212,scott_ltd,10,001-612-451-4740,3.68
1213,white_adams_and_gentry,5,001-302-398-3078x445,4.8
1214,wagner_jimenez,13,001-046-804-7887x74023,3.24
1215,kennedy_miller,13,001-186-548-6887x2653,4.27
1216,barnes_burns_and_valdez,7,650-469-4309x98305,4.86
1217,thompson_and_sons,9,9106304650,3.92
1218,fuller_lopez,12,628-507-2424x467,3.39
1219,west_plc,6,+1-473-413-6973x00000,3.6
1220,hood_romero_and_merritt,10,132.067.2897x8209,4.98
1221,russell_lucas,7,(447)079-8368x0624,3.28
1222,ellis_scott,2,0395094982,3.28
1223,mccullough_collins,8,+1-629-215-5087x41204,3.46
1224,schmidt_hood_and_wright,2,286-109-5953x44033,3.31
1225,young_hartman,9,001-695-861-0294x369,3.26
1226,vincent_hopkins_and_hayes,2,001-504-637-6899,3.01
1227,wise_and_sons,9,207.691.3245,4.38
1228,jones_montgomery,5,+1-104-619-0070x7653,4.92
1229,schroeder_ruiz,14,9684968765,4.79
1230,savage_mitchell,13,(948)401-4257,3.3
1231,tucker_edwards_and_sandoval,14,390-026-2001x1995,4.02
1232,murphy_welch,14,(637)388-1808x248,3.76
1233,nelson_kennedy_and_pratt,4,(130)594-4814x37458,4.46
1234,erickson_ltd,8,264.840.2401,3.74
1235,taylor_inc,8,594-386-9816x0589,4.08
1236,lynch_davis,9,001-367-422-5504x48131,3.12
1237,carter_duran_and_burns,13,(696)161-8986x1611,3.16
1238,contreras_group,14,813-416-9722,3.35
1239,sutton_plc,6,885.361.4475x674,4.28
1240,wood_trevino,6,1830066420,3.86
1241,bass_lewis,6,253-830-4528x6846,3.64
1242,morgan_mann,11,982-879-3437x35299,3.47
1243,weaver_sanders_and_jenkins,5,4668940380,3.54
1244,powell_dixon,13,(236)422-8808x00975,4.88
1245,braun_carroll,14,+1-115-226-1302x06207,4.02
1246,harris_ltd,10,467-903-6002,3.88
1247,davidson_llc,12,(044)659-0878x168,4.66
1248,johnson_castillo_and_williams,10,561.224.6337x073,4.93
1249,wilson_lucas_and_johnson,6,(218)412-8503x050,3.44
1250,brown_group,2,001-693-118-9512,4.72
1251,bell_bowen_and_rodriguez,8,461-486-0029x5442,3.38
1252,gonzalez_garcia_and_miller,14,001-943-592-7913x07263,3.51
1253,jackson_wyatt,2,+1-409-222-9497,4.65
1254,taylor_group,7,147-355-8431,4.74
1255,thornton_olsen_and_hunt,14,+1-436-198-6493x565,3.54
1256,martinez_williams,14,001-402-734-8668x171,4.11
1257,cross_fleming,13,(851)092-2061x0811,3.3
1258,leonard_wilson_and_todd,12,+1-391-272-2790,3.83
1259,serrano_ltd,14,+1-136-630-0409,3.61
1260,ray_montoya,5,681.950.1883,4.43
1261,hinton_group,11,001-843-590-1517x8678,4.06
1262,scott_ward,11,682-769-3815,4.08
1263,collins_ballard,10,(395)717-9025x9960,4.35
1264,robles_ochoa,11,(767)539-7996x1679,3.09
1265,williams_bailey_and_williams,4,2050909113,3.52
1266,robertson_inc,6,001-123-897-3596,3.7
1267,acosta_davis,9,+1-449-343-1749x5739,3.92
1268,davis_plc,12,760-890-0972x6814,4.96
1269,meza_patterson_and_harris,11,589-297-4593x1119,3.73
1270,vaughan_martinez,5,505-700-5855,4.43
1271,boyer_plc,14,0794034037,3.07
1272,rosales_montgomery_and_wise,12,(279)000-3481,3.55
1273,garcia_group,14,027.752.5498,3.85
1274,paul_wallace_and_west,7,(658)939-3938x3823,4.93
1275,medina_plc,9,5768340961,4.25
1276,payne_terry,2,001-623-208-6634x12858,4.12
1277,lewis_ltd,6,057.736.5775x7491,4.59
1278,scott_morgan_and_haney,12,001-731-988-6880x426,3.33
1279,white_strickland,8,038-343-7616x63531,4.86
1280,flynn_martin,10,5368559355,4.34
1281,gonzalez_warner,3,810.126.4376,3.64
1282,dean_inc,5,001-229-840-9282x962,4.29
1283,bryant_plc,8,(490)453-1239x2662,4.04
1284,brown_llc,14,700.698.4985,4.4
1285,wang_quinn,9,487-977-6250,4.14
1286,spears_hale_and_thomas,14,770.683.7411x065,3.01
1287,bradley_wolf_and_sherman,4,2694838479,3.19
1288,kaiser_llc,13,098.425.3661,3.93
1289,williams_salas,6,250-573-6966,3.36
1290,anderson_becker,4,+1-464-644-4325x39854,4.55
1291,lawrence_perez_and_bond,2,+1-192-815-1660,4.19
1292,hale_ramos,2,196.364.9603,3.07
1293,powers_oneal,9,+1-195-895-3239x07439,4.59
1294,king_watson_and_pierce,5,(303)863-8029x996,4.97
1295,collins_lopez,7,+1-097-189-7786x546,3.38
1296,morse_anderson_and_thompson,10,290-380-5115x5687,4.62
1297,ali_and_sons,2,331.426.3281x7092,3.48
1298,taylor_keller,5,001-435-905-3224x74901,4.88
1299,hamilton_wilkinson,13,001-465-535-4678x66225,3.1
1300,rose_inc,14,367.211.3372x2946,4.39
1301,johnson_johnson_and_castillo,5,320.504.5342x445,3.06
1302,cole_ltd,7,284-690-6467,4.11
1303,foster_llc,11,2657550598,4.93
1304,cummings_burke,9,+1-045-804-8466,3.27
1305,jordan_brown,14,001-028-093-7350,4.01
1306,delgado_long,4,+1-386-554-5669x621,4.87
1307,pierce_green_and_mendoza,3,261-421-8257x20408,3.47
1308,lee_group,5,(064)030-5869x99375,3.75
1309,ward_armstrong_and_nguyen,8,445.087.7734x8893,4.71
1310,turner_bush_and_bruce,8,(807)476-0868,3.87
1311,carlson_oneill,4,275-269-9145x813,3.71
1312,rose_ltd,10,(016)815-7089x6157,4.95
1313,meyer_allen_and_carey,12,(627)353-8643x3386,4.29
1314,wade_brown,11,001-378-616-3114x8021,4.39
1315,burns_plc,8,440-284-2178,4.55
1316,harmon_reynolds,10,001-853-138-6225x854,3.6
1317,mcbride_matthews,3,8122836603,5.0
1318,scott_gonzalez_and_preston,3,001-092-455-8087,3.16
1319,shepherd_inc,5,422-301-5993,4.56
1320,joseph_roberts,5,2778485107,3.29
1321,maxwell_plc,5,138.870.7723,3.62
1322,bailey_crawford,5,518-274-0165,4.73
1323,robinson_palmer_and_kennedy,14,(205)559-0613x9978,3.24
1324,wright_martin_and_tucker,13,001-837-357-9290,3.79
1325,knapp_shaw_and_peterson,11,931.063.8354x622,4.36
1326,lee_llc,10,677-341-9588x8489,3.62
1327,ford_torres_and_hart,14,7272687159,4.02
1328,jackson_watson_and_johnson,13,(040)477-2941x506,3.0
1329,sanchez_group,14,(965)851-9587x914,3.85
1330,pena_plc,5,(336)867-0641,4.01
1331,leblanc_randall,7,+1-592-762-0444x532,3.64
1332,clark_west_and_miller,6,357-350-8058x272,4.25
1333,bean_bush_and_lamb,13,+1-199-158-2169x0183,3.53
1334,carter_valenzuela,4,(519)984-7350x33807,3.39
1335,lewis_coffey,9,+1-472-967-4885,3.27
1336,lynch_brown_and_spencer,8,001-087-943-6482x3546,4.14
1337,bean_price_and_mitchell,13,001-353-887-9951x9824,4.05
1338,king_smith_and_casey,12,405-578-7590,4.92
1339,rangel_decker,14,+1-087-631-4015x202,4.53
1340,blankenship_pugh_and_flores,10,570.002.6583x43152,3.08
1341,russell_williams_and_brown,3,001-934-340-3783x0681,3.19
1342,hall_clarke,4,2870192724,3.04
1343,kramer_taylor_and_conway,13,+1-574-012-1088x14222,4.55
1344,barber_thomas_and_wilson,9,897.416.3542,4.73
1345,smith_and_sons,7,(070)654-3391x0607,4.05
1346,martin_thompson,9,(544)238-9603,4.51
1347,moore_li_and_nelson,4,618.485.9419,4.4
1348,sosa_parker,3,+1-668-053-8558x497,4.18
1349,turner_ltd,7,3007718886,3.75
1350,davis_ltd,12,(675)528-7118,3.48
1351,peck_shields_and_guerrero,8,001-500-048-7296x9908,4.59
1352,swanson_ltd,3,725-930-3530x14667,4.04
1353,morton_ltd,9,674.034.4501x1576,3.59
1354,thompson_group,7,+1-278-149-8628x84919,4.68
1355,watson_williams,11,+1-711-751-1377,3.87
1356,williams_and_sons,2,001-805-992-7283x9237,4.59
1357,murray_nguyen,10,694.921.3672,4.26
1358,brooks_williams,11,(764)968-9925x51095,3.19
1359,perry_moody_and_singleton,8,(995)308-8142x566,4.32
1360,knapp_johnson,12,3288039625,4.15
1361,jones_group,6,6841400148,3.19
1362,alexander_thomas_and_baker,10,+1-333-282-4573,4.01
1363,johnson_york,4,(463)293-4079,3.91
1364,robinson_vasquez,11,001-348-181-0926x6714,3.87
1365,smith_higgins_and_lambert,10,+1-608-224-8817x66313,4.06
1366,hubbard_anderson_and_collier,8,+1-546-993-1117,3.29
1367,alvarado_erickson,8,+1-728-283-6913x3934,4.61
1368,smith_inc,2,379.636.8553x8290,3.52
1369,hayes_jacobson,3,999-476-4096x9814,4.77
1370,nelson_group,8,001-288-318-3410x895,4.77
1371,flynn_davis_and_crawford,7,568.619.5562x545,4.91
1372,ashley_knight,8,+1-592-299-7253x89528,3.75
1373,davis_nicholson,3,359.356.4676,3.69
1374,murray_vasquez,8,(139)473-7555x273,3.66
1375,stephenson_johnson_and_hicks,10,+1-441-062-1754x65025,4.58
1376,joseph_llc,8,001-055-218-1298,4.65
1377,henderson_plc,7,110-453-9731,4.34
1378,perez_inc,13,+1-648-068-0176x0905,4.43
1379,powell_plc,10,+1-352-937-3866x80648,3.16
1380,castillo_vasquez,7,001-786-595-2690,3.76
1381,silva_avila,11,+1-778-447-9411,4.39
1382,nash_larson,2,038-019-8546,4.6
1383,taylor_martin,6,695-139-4043,4.52
1384,pierce_diaz_and_erickson,9,863-939-2416,3.13
1385,smith_alvarez,13,528.320.7712x950,3.92
1386,sims_flores_and_smith,13,292-889-0647,4.42
1387,wood_payne,7,259-413-9439x52852,3.7
1388,hayes_smith_and_joseph,14,+1-082-528-7538,3.88
1389,richardson_plc,3,(481)971-4935x7990,4.02
1390,moore_hart,13,419.297.0722x2790,4.11
1391,rose_inc,3,(352)048-2085,4.3
1392,chavez_rice_and_hamilton,10,704-174-9947x721,3.39
1393,green_steele_and_cordova,9,+1-751-427-7374,4.8
1394,roberts_smith_and_mosley,12,001-133-164-1275x17777,4.21
1395,torres_alexander_and_vargas,8,8524139801,3.8
1396,lee_martinez_and_mcgee,9,649.478.0956x33894,4.46
1397,gregory_inc,7,001-844-210-6031,4.29
1398,marquez_gibson_and_griffin,8,001-255-481-2249x1145,3.6
1399,roberts_llc,10,+1-060-749-5752x8856,4.7
1400,tran_smith,4,8491684999,4.01
1401,freeman_chaney_and_crawford,3,(396)403-7267x7899,3.07
1402,cook_taylor,4,+1-846-527-8440,4.19
1403,owen_plc,3,963-718-0326x346,3.04
1404,macdonald_inc,3,+1-266-963-1099x8154,4.91
1405,lyons_robinson_and_johnson,7,+1-593-117-9802x443,3.19
1406,ford_plc,2,001-712-146-6788x631,4.91
1407,jordan_mata,3,051-637-6763,3.71
1408,johnson_horne,2,1295344243,4.18
1409,caldwell_and_sons,5,1858886255,3.83
1410,tucker_plc,3,289-260-0112,4.97
1411,floyd_adams,8,602.040.0909x77727,3.46
1412,green_johnson,4,(910)513-5406x5412,4.84
1413,quinn_mitchell,8,(450)365-1626,3.07
1414,mooney_rios,9,(808)920-2689,3.05
1415,robinson_brandt_and_kennedy,6,+1-506-236-0433x8888,4.58
1416,kelly_group,13,001-554-380-3220x5679,3.11
1417,smith_ltd,13,001-384-205-4783,4.2
1418,briggs_williams_and_woods,6,443.988.5181x86937,4.47
1419,lewis_lucas_and_garcia,5,900.215.4977x91040,4.42
1420,sandoval_mcdonald_and_garcia,5,599-757-8931x40592,3.62
1421,rogers_brooks_and_hernandez,5,4440512114,4.13
1422,harvey_davis_and_todd,2,+1-170-884-6725x9701,3.28
1423,rose_inc,2,028-800-4628x900,3.03
1424,king_plc,10,+1-718-743-2255x16602,4.8
1425,delacruz_wright,9,(943)868-3520,3.8
1426,nichols_jones_and_gutierrez,11,+1-448-825-4735x5274,3.11
1427,conley_inc,6,(465)244-1363,3.26
1428,lopez_foster,8,242-153-4254x0582,3.21
1429,patterson_christian_and_thomas,11,485.275.2281x400,4.1
1430,salazar_plc,7,001-420-443-8545x6073,3.89
1431,smith_marquez,3,+1-545-178-6393x62320,3.7
1432,carroll_llc,14,546-818-3108x23561,4.31
1433,marshall_scott,3,311.891.2888x0298,3.89
1434,simon_robinson_and_miller,9,001-404-270-9578,3.04
1435,gibbs_group,4,8395236633,3.22
1436,reynolds_ltd,3,(645)880-5916,4.78
1437,martinez_gonzalez,8,367.145.7233x7517,3.57
1438,velazquez_torres,6,+1-614-875-2146x32696,4.87
1439,briggs_llc,14,416.238.9392x7538,3.37
1440,cooper_boyd,13,(822)240-6265,3.56
1441,thomas_plc,8,(200)605-0624x294,3.94
1442,willis_martinez,12,001-837-517-9149,4.02
1443,morgan_mcintosh,3,+1-335-164-3069x754,4.48
1444,poole_ltd,12,(636)184-7989x58904,4.83
1445,simmons_group,8,321.068.0831x46415,4.01
1446,simon_plc,2,+1-752-529-4729,4.03
1447,brown_llc,2,314-041-8938x478,3.26
1448,thomas_inc,13,001-248-455-8950x500,3.36
1449,lawrence_allison_and_garcia,4,528-806-7787,4.73
1450,graham_leon,7,501.298.7275,4.3
1451,cruz_llc,13,001-478-575-9741x3600,4.29
1452,burgess_smith,5,(822)755-2777x851,4.57
1453,andrews_kelly,10,(194)595-5275x9696,3.17
1454,johnson_brown_and_gomez,7,001-271-203-9929x8555,4.12
1455,shepherd_spencer_and_pittman,4,850-950-4476x9002,4.54
1456,nolan_adams_and_lawson,13,(584)749-4354x69256,4.88
1457,douglas_llc,11,(777)144-7317x69356,3.09
1458,mckinney_ross_and_pollard,11,134.928.1479x565,3.96
1459,davis_hoffman_and_carr,13,+1-524-203-7018,3.55
1460,sims_hamilton,3,001-255-263-3468x501,3.24
1461,wells_inc,9,(884)038-1480x0042,4.78
1462,white_sparks,3,815-000-2837,5.0
1463,elliott_and_sons,4,430.094.5856,3.1
1464,ayala_ltd,7,001-156-862-2934x2121,3.84
1465,jones_chen,14,009-790-2201,4.97
1466,baxter_everett,13,834-140-1554,3.6
1467,mueller_richardson_and_davis,7,931-496-0816x36338,3.67
1468,hardy_inc,10,997.851.4999x40701,4.06
1469,montgomery_rogers,5,001-808-477-4246x288,4.79
1470,cooke_richards_and_smith,4,001-674-741-7981,3.3
1471,green_wilson_and_ponce,2,001-067-961-4971x11988,3.32
1472,chaney_group,2,958.634.4570x63541,4.0
1473,barker_flowers,10,9935181965,4.12
1474,sellers_yang_and_black,3,(147)397-1983x0140,3.52
1475,simon_llc,7,(398)489-7096,3.46
1476,maldonado_lynch_and_pratt,8,(476)363-4253x5439,3.31
1477,mccarthy_edwards_and_bird,3,(496)432-1405,4.11
1478,crane_silva_and_fletcher,11,001-543-150-5500x970,4.21
1479,lopez_group,8,(279)388-1489x081,3.53
1480,johnson_haney_and_walls,11,(924)400-3408x19875,4.89
1481,conway_hendrix,2,+1-574-706-6801x2643,4.08
1482,fox_owens,8,001-374-706-8196x854,3.39
1483,roth_martinez_and_wilson,9,+1-505-679-2976x154,3.69
1484,mccoy_inc,7,(696)001-2419x21194,4.63
1485,johnson_wiggins_and_pacheco,3,127.141.4947x4971,3.81
1486,thomas_green,8,001-441-997-4536,4.03
1487,valencia_lopez_and_dawson,11,(421)559-6766x493,3.92
1488,king_group,2,+1-053-698-9357x93448,3.15
1489,castillo_collins_and_campbell,14,001-141-714-0844x168,3.92
1490,hartman_taylor_and_singh,3,2504571153,3.8
1491,wood_brown,5,386-616-4647x391,3.61
1492,cook_llc,13,(960)240-5053x614,4.07
1493,smith_wright,8,001-225-005-9074,4.46
1494,clayton_llc,3,894.740.9593x49736,4.76
1495,cline_nichols,13,138-063-8809x658,3.17
1496,abbott_strickland,9,7605001864,4.62
1497,powers_burnett,4,843.390.9918,3.58
1498,price_llc,2,001-023-660-5955x5043,4.38
1499,wilson_burns_and_wiley,10,486-609-3951x357,4.29
1500,palmer_llc,9,001-335-885-7998x06032,3.62
1501,liu_cook,3,+1-803-824-9364x47512,4.31
1502,hernandez_ltd,5,(907)326-2567,4.88
1503,gomez_plc,5,737-433-4843,4.71
1504,johnson_and_sons,12,469-975-1206x949,3.95
1505,romero_inc,3,+1-520-471-6309x519,4.15
1506,huff_wagner,8,865.340.3866,3.74
1507,cook_villarreal_and_johnson,11,(768)197-9653x1951,4.08
1508,sutton_williams_and_moore,7,(281)670-7428x77144,4.15
1509,cole_llc,14,+1-452-561-1571x15541,3.08
1510,elliott_daniels,10,(558)359-6218x56040,5.0
1511,morton_ltd,8,272.886.1117x494,3.46
1512,davis_moss,9,130.959.6723x065,3.36
1513,chase_rodriguez,14,533.160.5543x0928,3.05
1514,hill_simpson_and_anderson,12,001-381-988-0261x517,4.05
1515,rosales_group,7,297-602-8308,4.44
1516,turner_mcclain_and_allen,10,744-086-5504x795,3.2
1517,soto_ramirez_and_paul,5,979.629.9767,3.21
1518,norris_harris_and_jackson,3,+1-155-403-9345x146,4.18
1519,pena_llc,4,426-969-6839,4.58
1520,vargas_delacruz_and_burgess,14,(737)938-0443,4.29
1521,brooks_wade,9,778.405.1153x68097,4.7
1522,knight_barrett_and_stewart,4,+1-001-102-4810x104,4.04
1523,sullivan_howard,6,203-432-9213x9388,4.8
1524,barrett_llc,8,001-850-143-7322x333,4.85
1525,hernandez_lopez_and_jones,4,214.947.9905,4.65
1526,santana_vasquez_and_foster,9,326.141.2813x1591,4.67
1527,valdez_plc,8,(578)778-5957,4.69
1528,brown_keller_and_maddox,14,001-533-484-8299x0271,4.43
1529,ryan_inc,12,(084)423-2077x3415,4.32
1530,gardner_and_sons,14,5008802702,4.56
1531,brown_plc,6,858.135.4015x25550,3.2
1532,mitchell_salazar_and_jackson,12,001-877-534-2485x51334,3.03
1533,powell_evans,2,536-421-2984x02579,3.17
1534,suarez_steele,14,+1-927-914-8743,3.23
1535,martinez_everett,9,(512)348-3374,3.3
1536,martinez_and_sons,7,+1-215-527-7817,4.22
1537,williams_ltd,6,+1-383-983-9482,5.0
1538,ford_group,4,001-054-608-8798x8484,3.35
1539,travis_garcia_and_collins,14,001-456-202-5988x552,4.56
1540,rodriguez_snyder_and_lane,8,235.697.7969x02755,4.57
1541,grimes_nelson,13,(283)572-8932x3393,4.91
1542,trevino_lewis_and_golden,2,001-413-205-9357,3.12
1543,james_holloway_and_trevino,9,(821)438-6582x4029,4.23
1544,lewis_inc,8,+1-556-879-7260x87621,4.78
1545,ho_davis_and_york,4,(848)698-1733x877,3.76
1546,king_brown_and_gonzalez,9,001-612-731-4311x42987,3.97
1547,welch_flowers_and_duke,2,891.706.8239x8011,4.17
1548,welch_nelson,2,477-424-8715,4.69
1549,adams_norton,12,287-208-5373x308,3.09
1550,valentine_group,3,193-439-2754,4.87
1551,gonzalez_ltd,13,210.355.4052x275,4.99
1552,kelley_blanchard,8,+1-809-797-4013,4.31
1553,branch_llc,10,263.092.6352x79432,3.09
1554,rasmussen_holt,12,+1-587-188-6820x879,4.62
1555,dalton_miller,12,(187)895-9289,3.4
1556,bennett_richardson,7,001-630-981-5936x77990,4.32
1557,bryant_ltd,11,001-891-850-7793x8769,4.92
1558,rogers_hayes_and_joseph,11,731-359-2083x2550,4.69
1559,sampson_love,6,688.941.7895x0478,3.8
1560,maldonado_scott_and_buchanan,3,+1-533-406-1569x44123,3.31
1561,richmond_inc,3,001-981-353-3820x2084,4.44
1562,cline_harris,9,(008)818-5051x826,4.72
1563,hernandez_montoya_and_williams,11,914-954-1437x8921,3.11
1564,conner_and_sons,12,(525)363-6040x39759,3.86
1565,melton_inc,9,830-170-9813,3.48
1566,fletcher_smith,12,520.992.1589x265,4.4
1567,mccoy_adams,5,001-415-781-9243x1208,4.82
1568,robinson_berger,13,(855)165-9262x6184,4.56
1569,jones_johnson_and_rodriguez,10,+1-343-009-1563x5285,3.55
1570,murillo_ltd,13,068.981.2054x1777,3.31
1571,taylor_chavez,7,+1-633-273-6088x0161,3.57
1572,morales_deleon,5,+1-232-500-4940x935,4.02
1573,george_and_sons,13,+1-495-008-8510x020,4.31
1574,lewis_gonzales_and_baker,5,2434768506,4.88
1575,holder_stephenson,14,001-887-277-7813x69426,4.07
1576,taylor_and_sons,5,001-508-662-9154x463,3.92
1577,leblanc_llc,11,(053)343-1106,4.3
1578,howe_hernandez,9,(218)278-3419x54089,3.93
1579,munoz_inc,11,+1-303-024-7998x527,3.62
1580,gross_sullivan_and_newman,8,(223)215-6384x285,3.92
1581,williams_gordon_and_nelson,10,001-903-491-1249x0231,3.3
1582,young_miller_and_peters,6,933.461.9791,3.65
1583,dunlap_jackson_and_cordova,10,+1-525-466-3235x0223,4.1
1584,rogers_miller,2,+1-640-108-2754x136,4.02
1585,ford_plc,14,689-619-7717,4.19
1586,holland_jones,8,+1-728-413-4477x466,3.96
1587,cochran_plc,7,(413)565-4739,3.15
1588,brady_brown,4,+1-417-555-5741x6794,3.73
1589,brown_lynch,14,4486921313,4.89
1590,walton_walters_and_hughes,9,(757)702-9461,3.17
1591,stanley_reilly_and_khan,7,+1-943-721-8454,3.74
1592,stone_group,2,+1-445-542-3479x2420,4.16
1593,jordan_flores_and_aguilar,11,+1-379-853-7339x98797,3.95
1594,wright_russell,14,+1-311-307-8406,4.46
1595,berry_melton,13,818-209-2159x2260,3.84
1596,castillo_group,11,+1-360-773-0722x7010,3.91
1597,rocha_ltd,11,+1-161-007-4861,4.3
1598,sutton_smith,12,001-391-401-4014x6795,3.75
1599,warren_gill,4,243.454.4978x605,3.07
1600,hardy_davidson,3,214-699-4891x2372,4.16
1601,hill_perez,11,2543487065,4.44
1602,crawford_gonzalez_and_bridges,3,001-001-106-9360x8320,4.91
1603,nichols_inc,4,001-226-870-4054,3.23
1604,bernard_wilson,2,425-264-8507x21929,4.21
1605,mathis_and_sons,8,(934)503-7524x034,3.37
1606,jenkins_sexton_and_casey,7,870-154-2518,3.01
1607,wong_jones_and_gray,8,206.839.3505x1928,3.08
1608,oconnor_bean,3,+1-675-478-9465x19661,4.67
1609,patterson_plc,11,+1-579-582-1910,3.44
1610,cooper_plc,4,+1-598-152-8986,4.63
1611,edwards_grant,9,(581)432-5589,3.42
1612,stevens_thornton,14,858.218.9364,4.88
1613,clark_miller,11,619-980-4477x33914,3.58
1614,kelley_benjamin_and_murphy,3,724-263-8229,4.51
1615,peterson_beck,2,(132)764-2509x23170,3.35
1616,wright_inc,11,(942)435-9940,3.23
1617,duarte_plc,10,997.046.1490,3.17
1618,knox_group,14,+1-659-059-8096x32684,3.18
1619,hughes_anderson,12,595-046-0074x222,4.22
1620,cooper_turner,8,576-362-2170,3.87
1621,west_lara_and_ward,6,+1-045-772-8109,4.38
1622,wilson_group,10,860-954-9335x827,4.49
1623,williams_williams_and_hubbard,4,335-136-7240x41359,3.43
1624,evans_ltd,14,7188012633,3.25
1625,salinas_clark_and_carroll,3,183-625-0486,3.47
1626,cruz_plc,5,+1-123-655-6638,3.17
1627,gilbert_smith_and_oliver,7,(380)710-8730,3.99
1628,maldonado_tucker,14,220-634-4800x6025,4.8
1629,chen_hughes_and_price,12,+1-267-395-1106x17465,4.59
1630,norman_and_sons,3,984.733.8502,4.34
1631,bowen_plc,10,001-490-190-7993x2430,4.92
1632,lewis_rogers_and_zimmerman,14,001-833-277-1719x41650,4.29
1633,ayers_lindsey,6,(614)858-2244x81886,3.05
1634,ortega_bell_and_butler,14,194-478-8828x922,3.26
1635,hammond_gardner_and_santos,6,+1-045-517-3263,4.06
1636,fitzgerald_gonzales_and_velez,6,(647)021-0344x062,3.07
1637,castaneda_plc,14,724-083-1345x78654,4.11
1638,allen_pruitt_and_jackson,3,310-926-0588,4.43
1639,lewis_burgess_and_solomon,13,001-309-536-3445x721,4.09
1640,gibson_nolan,4,294-813-1114x154,4.21
1641,brock_vaughn,11,+1-590-440-1860x403,3.15
1642,castro_velasquez_and_martinez,5,4383281015,3.73
1643,medina_calhoun,4,001-147-829-1920x23210,3.74
1644,garner_ltd,3,(234)349-3462x829,3.48
1645,beasley_moore,6,092.084.6866x50814,4.36
1646,hart_plc,3,(546)333-8299x248,3.59
1647,thompson_gibson,4,194-558-7242x66437,3.47
1648,delacruz_glover_and_morris,5,(654)794-7665x5457,4.05
1649,hooper_perry_and_lindsey,3,001-310-250-1809x10740,3.43
1650,warren_garcia,3,546.827.3982,4.94
1651,howard_ltd,7,001-962-481-1952x7413,4.57
1652,anderson_group,2,+1-986-990-3794x579,3.31
1653,lynch_and_sons,10,517-551-9784x98507,3.38
1654,hernandez_gomez,11,129.594.2561x03887,3.51
1655,smith_plc,13,(922)236-5907,4.7
1656,smith_nguyen_and_scott,8,001-068-402-0242,3.05
1657,chen_hancock,9,(361)963-4167x7801,4.78
1658,nielsen_plc,10,065-812-7912,4.73
1659,vasquez_llc,6,969-670-5372x2317,4.0
1660,cunningham_mendez_and_reynolds,12,5079002193,4.82
1661,gordon_fitzpatrick_and_henderson,11,(498)444-3711x44020,3.68
1662,cooper_acosta,7,702-105-6611,4.32
1663,peterson_morales,5,384-465-1137,3.43
1664,williams_turner,14,+1-693-827-5130x38711,4.18
1665,johnson_ramos_and_schwartz,7,(014)091-9075,3.71
1666,jenkins_richardson_and_alexander,14,001-142-632-5455x95287,3.3
1667,williams_munoz,11,429.704.2851,3.49
1668,martinez_and_sons,3,832-736-7246,4.5
1669,king_plc,9,110-963-5786x3273,3.44
1670,clay_group,11,+1-036-930-2864x42927,3.06
1671,green_parks_and_dillon,14,745-773-0788x644,4.79
1672,leblanc_booth,7,491-139-0442,3.85
1673,deleon_christensen_and_atkinson,10,(871)629-5041,3.12
1674,knight_lawrence,3,001-317-165-1763x615,4.69
1675,larsen_patterson,7,(865)059-4705,4.04
1676,anderson_contreras_and_poole,14,001-983-760-9130,4.75
1677,stevenson_spencer_and_harrison,11,4276834794,3.92
1678,jenkins_compton,14,7429424185,3.64
1679,nelson_plc,7,899-225-4597x5669,3.6
1680,avila_maxwell_and_obrien,12,325.534.7879x4335,3.81
1681,pace_montoya_and_porter,7,001-235-406-2587x529,3.77
1682,cruz_llc,7,0169041978,3.4
1683,lowe_plc,11,001-559-259-4651x10409,4.36
1684,young_plc,6,(597)498-8272x2979,3.19
1685,miller_martin_and_walsh,6,241-332-5088,4.58
1686,decker_llc,8,+1-677-650-9260x9758,4.58
1687,mullen_baker_and_shaffer,12,+1-333-619-8254x6073,4.77
1688,colon_barry_and_waters,4,001-992-199-2730x2983,4.14
1689,chambers_collier,2,026.674.4394,3.75
1690,carter_combs,3,(892)375-2465x06303,4.25
1691,cole_plc,9,6570277348,4.72
1692,ballard_inc,6,001-777-387-0099,4.29
1693,tucker_inc,8,+1-597-508-2010x5391,3.98
1694,willis_valentine_and_aguirre,7,499-891-3150x6986,3.85
1695,heath_miller_and_terry,6,(558)138-3106x431,3.8
1696,vasquez_llc,7,394-811-3310x586,4.1
1697,hall_inc,9,001-274-115-6284x57930,4.68
1698,torres_brown_and_stevens,11,001-376-237-4377x127,3.77
1699,taylor_morrison_and_miller,2,755-127-2253x704,3.95
1700,jones_howard,6,+1-352-610-8734x5833,4.36
1701,smith_robertson_and_lester,11,(695)014-0376,4.72
1702,miller_llc,7,1681664742,4.08
1703,miller_inc,11,195-372-8911,4.58
1704,gray_white,10,335.224.7439x5650,4.06
1705,mckinney_mason,3,799-394-7125x860,4.46
1706,williams_llc,8,(305)354-1140x8476,4.55
1707,shaw_brown_and_bowers,11,(359)764-6206,4.8
1708,pittman_and_sons,7,435.372.3416,4.11
1709,patterson_henderson_and_ellis,12,(845)688-6332x29659,3.78
1710,davis_ltd,14,(476)570-8725x688,3.68
1711,martin_lopez,5,001-023-370-0832x31726,3.96
1712,carr_hampton_and_fischer,2,619-872-5669x12156,3.24
1713,clay_blackburn_and_evans,11,+1-282-880-2600x110,3.68
1714,randall_group,2,9879265450,4.88
1715,hawkins_spencer,3,641.669.5748,3.79
1716,owens_watson_and_brandt,9,166.649.6528,3.34
1717,hansen_hawkins_and_garcia,9,+1-199-771-2024x344,4.45
1718,white_ferguson,8,001-113-301-9598,3.17
1719,snyder_and_sons,2,001-444-886-3725x4106,4.74
1720,scott_gilbert_and_hughes,6,321-837-4722x462,3.66
1721,combs_sanchez,3,290-577-7982x84030,4.8
1722,clark_bradshaw,7,157-958-4713x5465,4.31
1723,simon_inc,8,+1-370-171-1311x28820,4.8
1724,morris_plc,9,019.400.7476x78544,3.31
1725,holland_carpenter,12,(213)210-3534x446,3.67
1726,crawford_bright_and_hess,9,163.389.2541x1329,3.29
1727,hood_walker_and_kramer,13,572-931-3863x8063,3.54
1728,daniels_spence,10,001-225-923-4779x4467,3.5
1729,smith_plc,12,2746796492,3.47
1730,houston_inc,10,195-442-3054x22194,3.53
1731,davis_washington_and_allen,4,+1-084-962-2164x420,3.15
1732,garza_plc,8,761.592.5284x514,4.53
1733,hamilton_plc,6,001-309-675-9040x6793,3.81
1734,ramos_group,6,687-288-0687,4.48
1735,williams_williams_and_taylor,4,001-813-480-8694x130,4.58
1736,smith_hernandez,9,689.759.7170x357,4.86
1737,mendez_plc,4,001-037-739-0230x7203,3.76
1738,bean_llc,14,897-006-3524x7462,4.53
1739,shannon_moody,4,922.681.4483x16992,4.37
1740,lopez_plc,5,001-735-492-1983x6862,4.27
1741,adams_norris,9,205.593.0880x301,4.84
1742,jones_bush,4,013.012.9653x4072,3.91
1743,jordan_reynolds,14,076.633.7199x03079,4.63
1744,ballard_young,3,948-315-5435x9154,4.92
1745,nichols_ltd,3,+1-315-118-9137,4.28
1746,romero_walker,6,753-338-4809,4.87
1747,daniel_moore_and_deleon,6,+1-366-265-6528,3.27
1748,green_lambert_and_ewing,9,(027)564-4892x093,4.6
1749,santiago_gould,9,075-144-4720,4.0
1750,james_ramsey,5,585-642-2727x7673,3.0
1751,long_farmer_and_martin,13,338.901.8228,4.73
1752,walsh_johnson_and_king,7,363-761-9497x28177,4.24
1753,berry_schneider_and_myers,5,4878388228,3.19
1754,cooke_plc,14,252.536.3173x87836,3.76
1755,foley_hernandez_and_george,4,145-229-0413,4.48
1756,roberts_weiss_and_conner,12,293-770-8544,4.71
1757,hunter_harrison,8,001-597-071-8229x527,3.28
1758,boyle_plc,2,293.649.4125x05395,3.81
1759,holland_brady_and_dillon,4,076.680.0016,4.37
1760,howard_weiss,7,(949)960-5337x05072,4.3
1761,romero_everett_and_garcia,10,001-745-753-1732x60126,4.59
1762,weaver_klein,10,(968)365-9321x6769,4.4
1763,white_quinn_and_hill,10,+1-887-005-1222x63923,4.18
1764,hale_chan,12,001-573-650-7574x69861,3.59
1765,blake_sullivan_and_anderson,7,358.006.1099,4.84
1766,terry_spencer,9,365.178.5918x1121,4.06
1767,washington_harvey,14,245-067-8115x898,3.98
1768,johnson_group,4,956-835-0762x718,4.72
1769,mann_ltd,12,(479)249-6209,4.52
1770,velasquez_alvarado_and_keller,12,781-556-8684x2404,3.44
1771,monroe_group,13,686.620.9346,4.58
1772,jones_group,2,503-745-8413x5517,3.76
1773,valencia_morris_and_kim,14,607-584-1622x40512,4.07
1774,hull_giles_and_hicks,7,(278)295-6876,4.45
1775,sloan_peters_and_morrison,12,873.191.0264,4.98
1776,ruiz_grimes,7,158.041.7911x264,4.93
1777,rollins_russell_and_holden,7,8166921075,3.08
1778,lee_smith_and_martinez,5,(314)857-5185,3.39
1779,rodriguez_inc,4,9123974827,4.35
1780,rasmussen_jarvis_and_rodriguez,10,(095)461-7848x9212,3.93
1781,bryant_llc,9,+1-011-101-0380x787,4.23
1782,brown_and_sons,12,270-993-0149,3.99
1783,nunez_wilcox,10,001-286-537-8126,3.7
1784,bennett_ltd,4,603-798-8472x21660,4.79
1785,becker_tapia,2,999-378-0864x715,3.5
1786,osborne_hamilton,2,001-775-887-9506x720,3.36
1787,gray_jimenez_and_myers,8,724-708-0524x92777,4.99
1788,watson_inc,2,374-128-2368x6698,4.15
1789,dixon_harding,3,720.674.6786x14795,4.73
1790,abbott_brown,8,894.311.6088,4.25
1791,williams_llc,8,(556)946-1721x6015,4.13
1792,robinson_inc,13,806-566-8091,4.78
1793,myers_flores_and_wilson,2,001-308-830-1829x59380,3.3
1794,robbins_group,14,488.199.6194x545,4.24
1795,swanson_reynolds,7,221.585.5273x80055,3.6
1796,hoffman_ruiz_and_johnson,4,001-808-813-5331x2727,3.05
1797,sparks_llc,14,873.509.5110x28323,4.62
1798,hogan_ltd,8,390-661-1656,3.09
1799,holland_barry_and_arnold,11,598.473.3228x4271,3.07
1800,williams_plc,12,3368503804,4.59
1801,smith_chen_and_jones,3,001-815-153-1063x72619,3.26
1802,blankenship_and_sons,11,(090)752-7341x508,4.23
1803,mcmahon_rose,6,083.039.7100x982,3.72
1804,perez_kelly,3,(593)433-3882x1049,3.96
1805,garcia_hebert,13,001-975-092-9614x89351,4.17
1806,stephens_miller_and_schaefer,11,001-769-689-7561x2273,3.53
1807,fuentes_andrews_and_smith,11,+1-205-007-9242x92258,3.3
1808,santiago_solomon_and_kidd,5,001-051-557-3085x5705,4.14
1809,booth_murphy,9,169-541-4907x075,3.2
1810,mckenzie_lee_and_miller,3,345-800-6099,4.61
1811,lucas_burgess_and_martinez,10,7277462687,3.81
1812,chavez_plc,13,+1-449-825-2975x604,3.28
1813,baker_mitchell,3,349.916.4875x9829,4.91
1814,key_garcia_and_hester,10,620-193-6725x70623,4.19
1815,coleman_wright_and_weiss,7,503.844.5645x70827,3.06
1816,williamson_roberts,12,(377)766-7987,3.39
1817,green_plc,5,+1-195-381-3984x738,3.87
1818,martin_miller_and_davis,13,001-676-125-3933x411,4.38
1819,murphy_inc,6,(289)377-3405x206,3.36
1820,johnson_molina_and_carson,4,590-814-1500x62736,3.75
1821,hendrix_bryant,6,+1-413-128-7266x8431,4.42
1822,zamora_nichols,12,4132968968,4.03
1823,cooper_plc,7,001-536-125-0911x31481,3.29
1824,rodriguez_group,7,001-460-344-7788x60083,3.23
1825,jensen_ltd,10,001-139-585-3723x701,3.52
1826,castro_carey,3,+1-319-232-0556x160,4.59
1827,pope_martinez,11,(374)173-1671,3.6
1828,rodriguez_bass,9,(714)023-0762x821,4.77
1829,mason_williams_and_evans,10,980-586-0319,4.35
1830,phillips_murphy,13,001-115-966-2746x3500,4.04
1831,kennedy_plc,6,117-341-4208x1020,4.55
1832,white_johnson_and_nguyen,13,001-796-608-9185x514,3.17
1833,graves_benton_and_jackson,6,(850)787-1800,3.58
1834,sanchez_flores,4,+1-087-973-5479x218,3.89
1835,johnson_dawson_and_carter,3,586-011-2113,4.45
1836,boone_mccarty_and_martinez,6,314.431.8682x86050,3.43
1837,griffin_plc,9,001-704-347-7057,3.38
1838,anthony_llc,4,328.190.5051,3.63
1839,pitts_cook,11,(804)599-0930,4.44
1840,greer_miller_and_rodgers,3,347-236-7426x608,3.58
1841,taylor_sanchez_and_ramirez,8,536.753.9669,4.9
1842,hall_schroeder_and_young,5,(433)645-8042,3.09
1843,gonzales_klein,13,+1-211-560-0532x810,3.69
1844,shah_miller,10,+1-960-809-5627,4.32
1845,gonzalez_murphy_and_pena,5,001-204-628-1231x1435,4.71
1846,wallace_group,6,+1-297-583-9395x2936,3.08
1847,bailey_peters,8,104.065.8051,4.09
1848,morgan_hayes,11,682-449-3225x464,3.97
1849,webb_ltd,6,586.525.1739,4.03
1850,gill_garner_and_dillon,10,803.774.0818x114,3.4
1851,russell_group,11,(022)849-8227x4773,4.47
1852,houston_plc,3,525.515.4593x838,3.73
1853,perez_pham,10,021-604-7962x5284,3.86
1854,williams_neal_and_collier,11,878.060.1656x60172,3.72
1855,jimenez_bell_and_barrett,11,315-249-0083x58312,3.97
1856,walter_llc,5,(856)263-9492,3.29
1857,saunders_ltd,8,960.722.8606x58795,4.88
1858,lin_llc,7,001-421-957-1984x8928,4.97
1859,stout_allen_and_thomas,12,724-993-2282,3.43
1860,martinez_llc,4,(555)112-5427x3343,4.0
1861,dominguez_smith,5,001-921-066-0419x737,3.27
1862,brown_brown_and_gallagher,13,1290869744,4.77
1863,hoffman_group,14,398.328.7191,4.77
1864,lopez_merritt_and_flores,4,398-039-2402,4.58
1865,zamora_davis_and_scott,12,5401416505,4.16
1866,baxter_mann,6,(078)027-8514x1721,3.78
1867,griffin_and_sons,4,506-258-0414,3.36
1868,matthews_davis,6,+1-991-901-3808x41473,4.66
1869,ryan_cox,8,001-187-861-4613x78038,4.22
1870,mcdowell_johnson_and_cuevas,2,(854)777-5400x1726,3.98
1871,ford_and_sons,4,(488)066-5608x532,4.97
1872,berry_inc,13,335.893.8863x12687,4.73
1873,wright_and_sons,12,939-650-8728,3.5
1874,atkinson_arellano,13,(333)160-4522x189,4.0
1875,hernandez_murphy_and_martinez,9,+1-643-458-5818x36988,4.85
1876,holmes_ruiz_and_savage,7,973.553.6826x205,4.34
1877,jones_plc,4,374.500.6357,4.9
1878,hernandez_plc,8,+1-399-859-1780x138,4.71
1879,bass_ltd,14,019-670-2806,4.36
1880,gonzalez_plc,4,001-287-567-1119x762,4.2
1881,hernandez_mclaughlin,8,406.756.8033x5785,3.56
1882,watts_floyd_and_gentry,5,+1-783-630-0607x400,4.21
1883,rodriguez_inc,9,001-586-801-2871,3.49
1884,cunningham_and_sons,14,865-192-9666x7147,4.76
1885,obrien_and_sons,14,+1-644-802-0020x8537,3.24
1886,thompson_williams_and_pittman,8,727-025-2285x733,4.97
1887,higgins_hunt,4,(545)667-4460x09041,4.54
1888,simmons_plc,6,468-584-0764x6673,3.16
1889,young_moore_and_gray,8,693.746.5203x900,3.63
1890,davis_inc,11,846.261.2328x48029,3.21
1891,hill_peterson,11,142-691-3293x24857,3.2
1892,woods_moran,12,(626)437-0778x66334,3.65
1893,orozco_group,14,196-029-7196,3.72
1894,white_ellis_and_thomas,5,3391281730,3.46
1895,allen_dudley_and_morris,12,001-156-011-8280,4.03
1896,wilkins_ltd,2,699.828.6096,3.47
1897,hall_group,8,520.830.7694x711,4.88
1898,garcia_hunt_and_hall,6,(310)296-6091,4.46
1899,williams_baldwin_and_sandoval,10,948.645.8195x1999,3.69
1900,howard_ltd,6,001-187-711-2660x598,3.37
1901,clark_ltd,10,(647)929-2609,4.2
1902,thompson_wilson,2,(710)713-2289,3.82
1903,villegas_hubbard_and_murray,7,001-240-501-2448x7944,3.3
1904,wood_and_sons,13,001-626-761-0347x50980,4.46
1905,hicks_wallace_and_cooper,4,+1-004-267-9061,4.77
1906,leach_llc,7,670.185.4528x6893,3.86
1907,cole_plc,4,(020)074-7578x656,3.52
1908,edwards_llc,4,+1-747-817-1505x71040,4.14
1909,nichols_olson,12,(552)496-3257x1425,4.43
1910,johnson_llc,12,(640)427-6738x319,4.4
1911,howe_myers_and_douglas,9,182.532.3411x835,3.65
1912,smith_llc,9,945.669.5085,4.76
1913,adams_green_and_campbell,3,001-179-729-8677x453,3.62
1914,wolf_stevens,4,914.025.1137x59021,3.48
1915,lewis_llc,8,001-597-739-0130x7536,3.97
1916,ramos_and_sons,4,+1-022-830-7194x893,4.18
1917,mcdonald_davis,14,1510293944,4.63
1918,wyatt_welch,11,001-388-708-6326x320,3.46
1919,mckenzie_rocha_and_rice,8,298.677.9736,3.3
1920,gallegos_evans,14,675.272.1782x0469,4.47
1921,liu_sanchez,10,4266061220,3.73
1922,robertson_group,4,001-281-279-7398x4268,3.53
1923,adams_llc,5,001-671-492-7547x27517,4.83
1924,williams_and_sons,5,1137401544,4.51
1925,hogan_poole,2,+1-767-299-0103x8660,3.9
1926,trujillo_keith,11,280.403.7435,3.68
1927,sparks_holmes,13,131.255.6744,4.2
1928,newman_anderson_and_dunn,13,7294290515,3.45
1929,hill_ltd,6,(280)013-6860x61943,4.95
1930,williams_beck,14,+1-694-273-7280x1099,3.61
1931,carter_and_sons,14,001-877-373-7657x338,3.6
1932,anderson_and_sons,4,710.668.5166,4.12
1933,briggs_butler_and_pena,9,408.144.5009x97779,3.22
1934,martinez_yang_and_taylor,4,001-730-209-6930x03248,4.81
1935,mercado_ltd,4,(254)931-1200,3.22
1936,hall_young,4,(633)032-1936x76905,3.11
1937,porter_plc,4,+1-825-609-2741x33338,3.76
1938,snow_cobb,14,+1-238-700-0776x965,4.65
1939,rush_dunn,10,613-463-0634,4.64
1940,clark_nixon_and_stewart,3,+1-452-948-3255,4.62
1941,haynes_plc,6,+1-687-821-9568,4.17
1942,rivera_ltd,9,001-394-260-1282x099,3.9
1943,pierce_llc,3,001-412-787-8173x504,4.14
1944,duran_herrera_and_brown,13,732.931.3143x5318,3.29
1945,hicks_juarez_and_barnes,13,(539)539-7216,4.5
1946,nelson_mcconnell,3,+1-087-540-4848x0720,3.95
1947,singleton_moore_and_warren,7,001-428-181-0625,4.33
1948,duncan_wyatt,7,972.657.0273x062,4.03
1949,thomas_ltd,14,(009)007-6166x1967,3.86
1950,chen_sparks,6,001-288-014-8887x3344,3.71
1951,williams_villa,11,1298905360,3.31
1952,hudson_barry,10,717.842.7045,3.16
1953,smith_barrett_and_long,9,(686)331-8373x44995,4.63
1954,navarro_wood_and_sanchez,14,441-335-0826x87785,3.64
1955,morris_solis,7,(706)484-1622x28183,3.45
1956,jimenez_miller_and_chandler,11,304.075.9664x525,4.53
1957,zamora_group,4,849.261.1727,3.4
1958,bennett_llc,7,(923)928-2066x109,3.15
1959,jackson_thompson_and_booth,9,(961)252-3465,4.65
1960,gilmore_douglas,5,(772)971-1544x232,3.54
1961,mckenzie_manning_and_kennedy,6,732-823-4302x39549,3.71
1962,macias_evans_and_walker,12,806.681.5351x31623,3.11
1963,case_llc,7,715.985.6421,3.44
1964,miller_inc,6,001-478-817-3168x04882,3.81
1965,gilbert_martin_and_rivera,14,898-942-5844x6559,3.26
1966,koch_martinez,7,719.547.2439,3.19
1967,nelson_rios_and_rogers,12,+1-941-695-0706,3.99
1968,knight_larson,10,+1-859-168-7768x561,3.77
1969,murphy_gonzales,7,953-807-5421x4373,3.8
1970,russell_group,4,001-345-119-5274x404,4.87
1971,garcia_wells_and_noble,7,+1-305-556-0093x016,3.66
1972,kelley_inc,6,101-885-8776x5848,3.16
1973,petersen_clay_and_hart,6,001-474-246-2071x57482,3.69
1974,farley_llc,3,707.892.6781,3.35
1975,ray_inc,3,886-158-8243,3.85
1976,bennett_bennett,9,(298)240-2163x0023,4.64
1977,perez_gray,5,(986)850-8394x0204,3.74
1978,davis_plc,8,740-204-1445x028,3.57
1979,morgan_group,7,448-619-9838x371,3.86
1980,clements_inc,4,001-395-951-4546x271,4.14
1981,johnson_sherman_and_burton,2,906-139-2628x71451,4.67
1982,little_baker_and_sullivan,12,925-697-1336,4.08
1983,edwards_graham_and_patel,9,(049)352-0547x3639,3.14
1984,steele_glenn,11,485-129-5807,4.11
1985,berry_group,2,001-164-846-8116x813,3.9
1986,young_moore_and_wells,6,+1-140-510-7315x43238,4.42
1987,underwood_ward_and_humphrey,9,399-178-3844x94498,4.47
1988,adams_plc,2,001-696-562-4035x0057,4.76
1989,castro_hunter_and_turner,11,(895)594-7881x79395,3.21
1990,le_shannon_and_little,11,628-667-5458,3.46
1991,fletcher_williams_and_grimes,6,994.630.5996x858,3.16
1992,butler_plc,4,047-919-5360,4.13
1993,perkins_rivera_and_james,7,(227)599-4881x090,4.49
1994,ball_santos_and_campbell,10,640-224-6388x454,4.72
1995,wood_llc,10,(401)836-8112x7537,3.4
1996,santana_chang,12,001-359-810-0500x1001,3.73
1997,romero_group,11,557-553-1159x819,3.03
1998,jones_plc,10,779.173.9316x836,3.39
1999,weber_gonzalez_and_mccullough,12,(927)346-5883,4.07
2000,burton_wallace_and_rivera,14,702.380.2325,4.39
